"Id","Y","X1","X2","X3","X4","X5","X6","X7","X8","X9","X10","X11","X12","X13","X14","X15"
1017,12.36,21,2,15.8,4,10,35,3.4,36.5,64,3,952,9,5.15,436.54,4
679,15.085,16,7,15.9,3,12.2,20,3.6,40.4,1,3,408,10,2.01,157.23,6
2177,10.07,16,2,16.4,3,14.3,19,3.5,38.7,0,3,769,11,4.26,103.05,12
930,11.4875,12,4,15.1,4,6.7,28,3.9,24.3,1,2,663,7,4.68,419.12,9
1533,12.475,11,11,15.5,1,5.8,15,3.8,45.4,5,3,614,8,6.74,534.08,4
471,9.4075,21,2,18.3,0,11.2,22,3.8,35.5,1,2,428,6,3.64,308.63,8
2347,9.4775,10,14,15.1,2,9.4,15,3.9,38.3,12,2,501,7,1.97,275.83,3
270,10.7,5,7,16.4,2,13.7,17,3.8,36.1,0,3,1067,9,2,181.48,10
1211,11.46,3,5,16.8,2,13.5,16,3.7,50.9,1,4,481,10,3.47,125.62,13
3379,7.97,8,5,16.2,7,9.4,30,3.4,41.9,0,4,811,11,2.65,72.74,8
597,11.93,16,13,16,4,12.4,24,3.9,35.2,3,4,995,10,2.82,162.96,10
1301,12.38,11,13,16,2,13.2,19,3.7,41.9,0,3,658,8,1.65,95,4
1974,12.43142,11,5,15.8,1,13.4,26,3.4,14,27,3,748,11,9.42,571.93,4
3566,12.01,21,3,16.2,2,9.5,20,3.7,24.7,0,4,726,10,0.68,106.71,8
330,11.175,23,7,15.8,3,14.2,26,3.4,32.2,0,4,472,10,2.32,107.67,7
1799,12.22875,7,7,15.3,1,13.2,22,3.8,37.3,21,3,751,7,2.35,236.67,15
1615,12.24333,24,2,15.4,3,15.2,23,4,31.2,1,2,560,7,4.63,395.37,13
1749,11.9675,5,11,15.6,1,11.1,14,4,46.3,32,3,722,9,6.57,669.42,15
37,11.4875,7,11,16.2,1,12.8,23,3.8,21.5,1,3,190,8,6.06,621.5,15
1129,13.01,23,14,15.2,0,6.5,28,3.6,38.7,1,2,621,8,3.17,314.97,7
729,12.73,11,2,16,2,15.9,23,3.8,38.9,0,3,493,9,1.01,100.28,15
878,10.18,20,1,15.6,4,14.3,17,3.9,36.9,0,2,624,7,0.66,52.05,15
485,10.955,7,2,17.2,5,14.7,25,3.8,17,19,4,742,11,5.5,520.64,15
1826,11.53,16,5,14.9,3,9.5,26,3.7,40.6,0,3,1824,8,0.51,104.68,12
2922,12.99,19,7,15.3,0,11.1,24,4,30.9,5,2,553,8,0.72,71.13,13
2430,12.17,13,14,16.3,2,13.4,30,3.9,34.3,0,3,1588,10,0.73,61.6,2
3673,14.75,21,2,16.2,0,12.9,21,3.7,30.2,1,3,627,10,3.65,415.96,12
975,11.33,19,3,15.6,2,8.6,18,3.7,39.3,0,2,639,7,0.48,32.41,13
2849,12.16,7,14,16.2,3,12.9,25,3.4,30.8,0,4,361,10,1.74,106.7,8
2900,11.57,7,2,16.6,3,15.9,21,3.5,46.2,0,3,938,10,0.8,26.56,11
2979,11.59,16,14,15.3,2,10,25,3.8,42.7,1,2,1644,7,1.76,94.28,3
2374,12.23,14,5,15.2,5,10.5,24,3.7,44.4,0,2,743,7,1.92,145.14,15
2378,12.35,7,3,17,1,13.9,20,3.9,39,0,4,470,11,0.69,69.01,15
554,10.26875,11,14,15.4,0,10.5,22,3.9,34.3,2,2,837,9,6.98,652.38,4
1446,14.084,23,13,16,1,13.2,20,4.1,50.1,3,3,709,10,2.63,294.37,10
2159,15.34666,11,5,16,0,10.7,18,3.9,34.6,2,3,552,9,1.47,133.25,15
3476,11.61,20,11,16.2,2,9.7,20,3.9,31.8,0,4,1053,11,0.49,40.47,15
1948,11.29,19,13,16.1,3,13,28,3.4,30.5,0,2,725,7,1.26,108.02,5
2580,13.245,21,7,15.3,0,10.2,25,4,35.1,37,4,1549,9,7.27,481.32,8
1530,11.19,16,8,15.9,1,17.6,25,3.5,31.1,0,2,503,8,1.36,147.65,1
2604,12.17666,2,3,16,3,13.3,19,3.7,35.6,28,4,790,10,1.51,165.75,9
2937,12.90571,21,9,15.9,2,10,22,2.9,34.6,10,2,828,7,3.89,420.99,8
343,12.05,24,2,19.1,4,17.6,19,4,45.7,0,2,601,6,0.36,34.85,7
2630,13.2,21,7,15.8,6,15.6,23,3.8,38.7,0,4,571,10,1.34,118.88,10
3193,11.61,21,10,16.2,2,11.5,17,3.7,31.6,0,4,292,10,0.76,43.91,11
40,12.4675,7,7,15.1,4,11.5,25,3.9,28.6,35,2,313,9,3.37,291.33,15
537,11.93285,21,14,15.3,2,11.8,14,3.9,33.9,30,3,454,8,4.93,615.5,8
2423,9.79,14,14,15.4,0,8.2,15,3.9,41.9,0,3,1077,9,0.17,26.91,9
248,9.43,16,14,14.6,1,10.6,21,3.7,40.4,0,3,887,10,0.48,55.06,6
1222,11.92,24,5,17.2,4,10.6,22,3.8,35.5,0,2,630,6,3.12,176.66,13
2426,12.88,16,4,16.2,0,12.5,21,3.7,33.6,0,3,1006,9,2.22,163.47,5
2087,12.43,3,2,15.8,3,14.6,20,4.1,32.6,0,2,709,9,1.76,174.4,2
2483,12.645,23,11,16.3,1,13.7,21,4.1,26.4,22,4,300,10,4.92,418.41,7
2858,9.4,12,5,18.3,6,16.4,24,3.9,29.1,1,2,278,6,1.57,138.69,1
1414,13.74,14,7,15.8,0,14.4,20,3.5,30,1,3,633,9,1.3,125.45,15
1304,10.89,7,13,15.7,0,11.5,19,3.7,44.6,1,4,1257,10,1.44,140.95,15
1696,10.98818,7,5,16.1,1,13.6,19,3.9,26,3,2,510,7,7.58,925.09,15
526,14.59333,16,4,15,4,11.7,23,3.9,33.1,1,2,807,7,6.69,689.24,12
2690,14.595,21,7,16,3,13.7,19,3.8,35.6,28,4,624,10,3.87,310.15,6
1069,14.92,21,4,15.9,2,13.6,31,3.8,28.1,0,3,740,9,3.66,52.98,6
1426,10.985,8,13,15.9,1,9,26,3.7,45.6,45,3,524,8,6.28,517.25,10
22,13.65,13,2,17.2,3,16.5,20,3.9,30.3,70,3,851,8,4.61,280.33,13
1742,13.445,12,5,15.8,1,10.3,30,3.8,48.6,0,3,627,8,2.07,284.67,6
1766,11.72666,14,11,15.6,1,15.2,22,3.8,30.3,0,3,558,9,1.62,229.14,9
2241,10.452,14,5,15.5,6,14.7,21,3.6,38.9,1,2,776,7,3.75,360.8,11
1395,7.949166,16,14,15.9,2,12.5,13,4,45.4,23,3,407,7,6.83,933.53,9
2547,11.71869,12,5,15.6,1,9.1,21,3.5,24,1,3,832,10,6.19,750.47,1
1128,11.42,13,1,15.2,0,11.8,23,3.9,29.6,0,2,472,8,0.09,7.66,5
3398,10.53,16,4,14.3,2,9.1,24,3.9,21.3,0,2,455,8,1.8,165.48,9
983,11.02,6,5,16.1,5,10.8,22,3.8,34.6,0,2,807,7,1.75,146.57,3
1791,10.71,13,4,16.5,4,9.7,24,3.9,30,10,2,723,6,1.45,77.14,3
1516,10.29,15,11,16.6,2,14,19,3.4,41.8,4,2,338,7,0.99,97.87,7
1640,10.29,2,5,16.4,2,13.3,29,4,34.1,0,2,422,6,0.1,31.19,1
1639,10.58,16,4,16.4,0,13.6,23,3.7,35.6,0,4,618,11,3.78,26.25,12
843,12.78571,21,7,15.3,2,13,26,3.6,31.5,1,3,934,10,5.93,637.39,8
465,13.048,14,2,16,2,13.2,24,4.1,20.4,1,3,216,10,4.31,458.73,15
996,9.773333,21,7,14.6,1,10.8,24,3.7,43.1,0,4,717,10,1.04,94.04,8
1549,11.28,24,2,16.9,6,14.5,26,3.7,39.9,0,3,642,10,2.77,208.65,13
1200,11.98333,12,5,17.4,4,14.9,16,3.6,43,1,2,983,6,1.35,143.96,1
3417,10.04,4,3,16.6,1,13.7,18,4.1,37.5,10,3,724,11,0.45,93.79,13
1134,12.22,12,5,15.8,0,10.5,25,3.9,32.7,0,3,859,8,4,367.33,6
84,12.24,2,11,17,2,16.1,19,2.9,37.8,0,4,253,10,0.48,56.71,1
1895,11.564,21,5,16.3,5,15.4,22,3.1,36.1,1,4,260,11,3.72,427.95,11
3101,10.285,12,7,15.5,0,13.3,23,3.9,37.4,3,3,525,9,0.98,127.58,1
1165,15.56,12,12,15.6,0,11.6,17,3.7,26.3,0,3,491,8,2.04,55.52,6
2300,12.34,16,5,16.1,0,11,15,3.7,28.5,0,3,1153,7,1.39,130.05,12
2781,12.9,13,11,16.6,2,15.2,15,4.2,39.1,11,3,189,11,1.81,155.74,2
3713,13.207,19,2,15.2,0,12.3,19,4,35.6,45,3,642,9,9.46,691.12,13
2668,13.35,21,2,16,0,16.1,17,3.6,36.7,0,3,351,10,0.23,39.56,11
1328,12.235,11,3,16.1,4,10.5,21,3.9,46.7,40,3,862,8,0.69,163.37,4
3617,11.08,2,14,14.6,2,13.2,15,3.8,38.5,0,2,647,7,1.39,161.37,9
557,12.53,16,4,15.1,2,9.1,21,3.7,42.2,0,3,928,10,0.94,88.88,12
1685,12.20333,1,14,15.3,3,5.9,22,3.9,40.7,1,2,498,7,1.79,140.63,1
287,13.02,3,11,15.9,2,11.9,18,3.8,25.6,0,3,716,8,0.76,53.89,13
2662,10.25,7,14,15.8,2,14.3,25,3.8,40,0,2,727,7,0.62,71.5,15
3217,12.96375,16,4,15.1,2,13.9,24,3.6,34.5,84,3,607,9,5.17,539.04,12
2377,10.9025,21,14,15.4,0,13.5,10,3.7,44.8,42,3,646,8,1.49,237.06,8
2535,8.1,16,14,16.8,1,16.6,21,4,24.1,3,3,381,6,5.34,716.03,10
2903,14.0775,11,2,15.7,0,11.8,24,3.6,28.7,40,3,559,8,2.46,197.73,4
2899,12.575,24,13,14.9,2,5.2,25,4.1,34.3,1,3,503,9,2.04,200.64,7
1522,10.51666,4,3,16.4,3,17.3,28,3.8,37.9,1,2,1128,7,2.4,222.67,13
858,11.12,22,2,16.6,3,12.8,19,3.5,39.6,0,3,1073,10,0.29,32.95,2
1840,11.24,3,14,14.3,2,10.8,23,3.6,28.2,0,3,649,8,2.45,141.87,13
2667,12.78,16,13,15.1,4,8.4,31,3.8,31.3,0,2,991,8,0.54,30.48,10
576,12.2625,1,2,15.9,2,11.6,25,2.9,43.5,29,3,955,10,1.86,150.47,2
990,15.14571,21,5,15.3,1,9.4,21,3.8,41.9,79,3,1015,9,3.54,343.38,6
3562,11.91333,23,6,17,5,12.5,28,4,14.9,0,4,555,11,2.19,149.95,7
3071,12.76,16,4,16.4,3,18.2,21,3.8,40.1,0,4,989,11,0.51,79.64,10
3175,9.64,6,14,16,3,13.5,25,3.5,27.4,0,2,541,7,0.8,55.34,3
316,9.86,16,7,16.2,2,12,24,3.8,39.3,17,4,532,11,3.14,300.58,10
1075,11.98,2,7,15.4,2,10.5,16,4,27.8,0,4,383,9,1.07,102.68,14
733,14.00285,16,4,15.1,2,9,18,3.7,38.8,5,3,555,10,0.4,527.97,12
1314,14.098,21,5,15.3,2,15.4,23,3.7,41,57,2,615,8,1.74,289.15,6
2698,12.836,2,2,15.6,3,9.9,29,3.9,43.5,38,3,843,8,9.23,781.12,9
3748,10.90333,13,13,15.8,6,17.1,23,3.7,38.1,3,3,306,7,3.86,257.04,9
811,13.24,24,11,15.6,1,12.8,19,3.7,26.8,0,4,240,10,1.79,99.72,13
955,9.843333,23,1,15.8,2,11.7,20,3.8,39.1,3,2,663,8,1.85,176.08,10
2330,13.13285,21,5,16.1,1,12,14,3.9,33,8,4,688,11,5.55,578.72,8
1167,11.16,4,10,15.6,2,12.5,24,3.8,37.8,0,4,449,10,0.96,45.09,13
3514,11.93,16,5,15.8,1,10.9,19,3.8,35.8,0,3,767,8,1.06,69.29,12
2333,11.21571,3,14,15,3,13.6,25,4.1,28.4,25,3,737,8,5.68,519.96,3
1706,11.94,12,13,15.4,4,14.2,22,4,13.3,22,3,805,10,2.02,243.23,1
3120,12.05,13,14,16.3,1,12.5,23,3.9,46.6,0,2,630,7,0.22,33.72,7
501,13.66,5,2,17.6,0,15.9,27,3.9,36.7,0,3,609,9,0.43,31.54,15
2559,11.84,7,2,16.4,4,12.8,26,3.9,40.3,1,4,1371,11,1.57,176.09,11
3367,11.48,13,2,17.7,2,13.9,19,3.8,46.3,0,4,545,11,0.92,64.68,2
536,10.855,21,14,15.1,1,11.2,23,3.7,33.4,32,3,602,10,4.93,671.42,4
2741,9.945,16,3,17.5,1,16.2,18,3.9,29.4,0,2,633,6,0.43,43.48,10
988,12.55,24,11,15.6,1,9.7,24,3.8,39.1,0,3,439,8,0.8,77.31,7
3286,11.758,16,5,15.7,3,14.3,28,4,41.8,1,2,776,7,2.23,242.92,1
2785,14.2,21,5,15.7,3,11.9,21,3.8,30.3,1,2,749,7,3.47,223.05,8
3411,13.06333,16,8,17,1,15.5,16,3.9,34.4,0,4,1214,10,1.82,214.4,12
3418,12.64666,13,2,17.4,3,14.9,22,3.8,29.8,24,4,1056,11,11.34,827.46,5
1067,11.57,21,7,14.9,2,12.5,29,3.7,43.5,0,3,266,7,1.49,161.86,8
1025,12.39666,16,9,17.1,2,13,27,4,31.6,0,2,835,6,1.23,172.79,12
29,12.99333,14,2,15.7,2,11.5,21,3.7,38.3,5,3,603,10,2.29,137.35,1
1942,11.13333,14,13,15.8,2,11,21,3.9,37.5,0,4,1093,10,1.77,167.6,15
838,11.27,2,14,15,2,12.9,24,4.1,49.3,1,4,241,10,2.12,213.09,1
1820,9.845,14,2,15.6,3,8.6,22,3.9,37.7,1,2,793,6,1,302.73,15
1652,11.64307,7,5,16.1,1,13.2,23,3.5,29,9,4,404,11,11.2,1096.47,4
2281,12.64,16,7,14.9,0,9.5,18,3.5,44.1,0,2,660,7,1.04,154.55,12
1317,13.308,16,5,15.6,0,11,19,3.8,27.4,1,3,993,7,1.37,383.84,12
573,12.03,23,3,16.2,1,12.7,20,4,32.6,0,4,526,10,0.34,31.53,7
1966,11.87142,16,5,15.3,0,7.7,18,3.5,47.6,2,2,990,8,3.77,437.22,10
369,10.25,11,11,15.8,1,9.9,21,3.9,41.5,0,2,456,7,0.56,122.38,4
2499,13.81,5,7,15,0,10.3,20,4,43.2,0,3,607,7,2.11,175.53,15
86,11.91,21,14,15.3,2,13.7,21,3.7,35.1,0,2,666,7,0.39,38.52,8
1507,11.67,12,3,15.4,5,10.6,29,3.9,31.8,0,2,624,6,0.16,23.48,1
2375,12.34,16,7,16,3,13.2,24,4.1,43.5,1,4,799,11,0.43,126.34,6
1646,10.28,13,13,17,5,13.3,29,3.9,40,3,1,359,6,5.22,514.98,9
355,12.52,12,4,16.2,1,15.4,26,2.8,29,0,4,615,11,0.42,79.21,6
1843,11.61,16,14,14.8,1,11.1,23,3.8,35.6,0,3,961,8,0.35,80.74,12
2860,13.51,24,13,16.5,3,14.6,21,3.6,32.1,62,3,390,8,2.99,126.01,13
1073,9.32,24,7,15.8,1,15.4,18,4,31.6,0,4,1380,10,0.95,109.14,7
361,11.09444,13,13,14.8,2,13.3,21,3.7,25.9,2,3,796,7,7.21,727.25,9
1340,10.13333,16,8,15.4,4,10.3,23,3.9,42,0,2,595,6,4.49,346.34,14
1266,11.92666,19,14,15.1,3,11.1,15,3.7,34.8,0,2,481,7,0.6,97.19,5
3512,8.745,16,5,16.1,3,13.9,21,3.8,31.5,1,3,823,10,2.53,379.44,14
2806,11.36,13,14,16.2,2,13.2,17,4.1,30.9,0,3,823,10,1.46,137.05,5
1841,12.2725,16,4,14.8,0,13.1,27,3.8,27.2,58,3,675,9,10.01,836.05,12
2866,11.922,16,4,15.1,2,9.1,23,3.8,40.2,0,4,941,10,2.09,275.51,12
247,10.88,14,1,16.6,5,13.2,29,3.6,38.3,1,2,559,7,1.63,173.46,11
751,12.22,14,5,15.2,5,12.2,31,3.9,24.8,6,2,1141,7,5.25,393.98,9
219,12.68,16,5,16,3,10.7,24,4,48.9,0,3,512,10,1.93,36.93,8
135,12.26666,4,14,15.6,0,14.7,17,4.1,46.5,10,3,365,8,2.13,191.96,13
111,12.74,11,13,16.3,0,12.1,19,4.2,37.8,0,3,558,9,0.91,122.63,15
532,10.97,16,14,15.5,2,14.3,23,3.7,21.5,40,3,864,8,7.75,713.44,1
2425,10.704,22,7,15.8,1,16.1,21,4,24.2,3,4,693,10,6.11,599.76,2
408,12.39666,1,13,15.8,3,14.2,24,3.6,34.4,0,4,1392,10,1.59,177.28,1
3123,9.095,24,14,14.7,0,10.2,22,4.1,36.3,0,4,675,10,4.11,97.44,9
1589,11.215,16,5,15,3,14.8,24,3.7,27,2,2,339,8,1.17,84.77,10
912,12.58,11,3,15.8,1,14.7,19,3.8,29.7,0,2,1149,7,0.35,47.38,4
2515,13.04285,7,5,16.1,6,15.9,22,4,43.1,86,4,552,10,6.98,425.5,8
3428,16.35714,9,9,16.1,0,11,19,3.9,34.7,2,3,873,9,6.85,549.86,12
2178,12.605,19,13,15.7,3,10.1,23,3.7,24.8,0,2,957,7,1.22,85.47,13
3648,10.08,16,14,15.1,3,13.9,21,3.6,39.3,0,2,519,7,1.32,150.84,10
3137,11.4775,14,2,16.2,2,12.4,25,4,43.9,0,4,366,10,3.34,382.61,15
1836,12.74,19,3,15.6,4,16.2,23,4.1,32.3,0,2,701,7,0.62,60.09,13
359,12.77,16,7,16,0,11.9,9,3.6,44.1,0,3,386,8,1.47,75.37,6
2153,12.22,24,11,16,2,11.5,21,3.7,31,76,3,623,9,0.61,31.24,7
1148,12.64,16,14,16,3,13.2,20,4,30,0,2,777,8,0.24,14.6,14
2042,10.15,7,11,15.2,1,10.9,21,4.1,28.3,0,3,1479,7,0.82,74.24,15
1101,12.65857,24,14,15.9,0,13.6,19,3.9,44.2,1,2,603,8,6.38,557.03,9
1242,11.91,13,3,16.3,0,12.4,21,3.9,46.6,1,3,1271,9,1.68,233.81,8
1218,11.34,21,13,16.4,6,15.3,24,3.9,48.6,1,4,830,11,3.08,276.68,11
19,12.64333,19,11,16.2,1,13.2,17,3.7,35.2,2,3,670,9,4.7,293.83,9
273,13.568,21,7,15.1,0,12,19,3.5,38.4,32,3,519,8,4.12,447.18,8
418,10.22,12,14,15.4,1,14,21,3.7,32.8,4,3,834,9,1.53,211.24,1
1995,11.96,19,4,16.6,4,14.1,28,3.8,19.7,0,4,1034,11,2.56,121.44,5
1567,12.175,10,14,14.9,0,11.1,25,3.9,38,1,3,724,10,0.29,109.36,3
2467,10.685,16,5,15.1,1,14.1,21,3.5,33.9,1,2,1762,7,1.84,187.83,1
867,12.21,12,5,15.2,1,12.3,24,3.7,38.1,0,3,526,9,0.94,63.04,1
686,12.55111,16,7,14.7,0,9.6,22,3.7,21.4,19,3,840,9,9.6,1545.88,12
403,12.16,4,14,15.7,2,11.4,24,3.7,23.9,1,3,1271,10,2.01,147.83,13
1611,15.24,16,7,15.4,0,11.1,23,4,30.5,0,3,460,9,2.47,100.41,12
1040,9.97,11,7,15.3,3,13.3,16,3.7,41.5,0,2,640,7,0.36,38.97,4
1064,10.855,7,14,15.7,2,12,17,4,30.9,2,2,628,7,7.34,920.3,15
1801,11.81,21,1,16.9,4,12.2,26,3.6,40.8,0,3,864,9,1.01,75.22,10
818,10.06666,23,7,16.6,6,8.7,30,3.9,39.6,0,4,892,11,1.59,130.01,7
2652,10.05375,16,4,15.4,2,13.9,19,3.5,38.8,1,3,404,9,5.77,616.44,6
634,9.93,16,11,15.2,1,8.8,23,3.9,30.8,0,3,359,9,0.42,28.11,8
664,11.2,2,14,16.1,0,13.1,23,4,38,49,4,844,10,0.96,129.05,15
3210,13.384,23,5,14.9,0,14.1,24,4,43.8,1,2,949,7,4.51,254.55,10
719,12.21,2,13,15.2,7,11.7,25,3.9,30.6,0,3,1028,8,1.29,85.63,9
500,11.92666,21,5,14.9,4,14.6,19,4,21.3,5,1,641,6,4.18,337.44,8
3045,11.9,5,3,16.2,1,13.2,20,3.5,47,0,3,583,10,0.74,79.9,15
2809,13.0825,14,2,16.9,0,12.1,23,3.6,33.9,1,3,474,9,3.1,323.59,11
2720,11.14,23,5,14.6,4,12,28,3,40.2,0,2,1203,6,7.47,123.45,10
2277,13.79,9,5,15.4,1,15.1,22,3.8,46.3,0,3,725,8,0.5,83.29,12
423,14.72,16,7,16.1,1,10.9,12,3.4,28.8,1,3,677,9,3.16,341.54,12
421,11.5,12,14,16.5,3,5.5,24,4,39.8,0,4,316,11,0.63,69.71,1
989,11.77,24,2,16.5,3,8.6,23,3.8,32.2,0,4,772,11,0.42,19.44,7
140,13.69,16,4,14.8,1,12.6,27,3.8,44.5,0,2,1058,7,0.23,30.93,12
126,13.05,21,13,15.9,3,12.2,20,3.9,39.7,1,3,808,8,1.15,101.46,8
998,12.41,2,2,17,3,13.1,22,3.7,41.5,1,4,973,11,2.52,301.4,9
3555,13.12,11,11,16.3,1,13.1,23,3.8,43,0,2,576,8,1.08,135.9,4
2319,10.77,14,3,15.7,5,11.6,19,4,53.3,0,4,885,10,0.65,79.98,9
1154,13.43,16,2,16.2,2,9.3,28,4,34.5,7,4,851,10,3.16,242.95,2
2625,13.39,11,5,16.1,4,11.6,24,3.5,32.4,0,2,1438,7,0.5,22.15,4
1536,12.16,23,11,16.2,0,16.7,21,3.8,31.3,0,4,578,10,0.43,20.71,7
3523,12.796,2,5,15.2,0,12.3,19,3.8,46.7,0,2,1094,7,2.79,249.45,9
504,10.94,12,4,15.3,4,11.7,22,3.8,24.9,1,3,723,7,4.06,398.33,2
1481,10.77714,18,5,16.1,5,14.3,25,3.9,32.4,9,3,314,10,1.62,117.84,13
358,11.155,19,14,16.4,3,16.7,19,3.5,32.9,0,3,595,11,0.86,83.55,5
785,12.882,23,7,15.1,3,12.3,26,3.7,31.4,34,3,1203,9,4.44,434.91,10
2175,12.3625,16,13,15.4,4,12.4,18,3.8,27.1,3,2,732,8,4.72,95.9,10
2693,13.24,24,9,15.9,0,10.1,14,3.5,57.6,55,3,741,8,4.91,433.79,13
3113,11.694,3,2,16.1,2,13.8,17,3.9,31,23,4,1045,10,3.28,335.39,2
3035,11.08,12,3,16.8,1,13.3,24,3.6,37.6,0,3,515,9,0.49,40.63,9
1572,9.56,13,7,16.5,3,13.7,27,4,37.8,0,2,849,6,2.69,92.62,8
305,11.69,5,2,16.3,3,14.3,19,3.7,32.6,2,4,611,10,3.05,262.11,4
1833,12.61,12,14,15.1,3,13.6,16,3.2,49.8,0,2,1185,7,0.35,36.28,1
2461,10.918,23,13,16.4,3,13.2,26,3.9,36.3,1,4,1495,11,3.89,482.07,11
981,12.77,13,10,17,2,14.4,19,4.1,30.5,0,4,981,11,2.21,196.49,2
2624,12.84,17,2,17.6,3,15.9,27,3.5,30.9,0,2,558,9,0.37,37.31,9
129,12.71875,16,5,16.3,1,13.4,14,3.7,21.9,5,3,590,9,9.47,602.27,3
309,12.4,5,5,15.8,1,11.7,13,3.7,34.4,0,3,703,8,0.54,45.19,10
3726,7.633333,24,4,15.9,2,11,21,3.4,31.1,155,3,877,9,1.83,83.26,13
3050,15.77333,21,7,16.1,4,11.2,28,3.9,28.6,2,3,276,10,4.07,155.26,6
441,11.826,7,13,16,5,13.2,23,3,32.5,77,4,622,10,4.49,540.26,11
2904,11.05333,16,5,15.1,1,13,18,3.9,40.6,1,3,891,8,1.6,196.67,14
3189,10.46,16,7,15.2,3,12.4,25,3.7,31.9,0,3,221,8,1.86,143.84,10
3631,11.9,2,14,15.3,3,9.6,18,3.9,34.5,64,3,405,8,0.79,69.34,9
470,11.605,16,13,15.3,1,12.5,25,3.9,40.7,0,2,338,8,1.53,55.08,10
2610,11.005,5,14,16.2,2,15,18,3.2,50.6,1,3,372,10,1.2,148.07,15
1360,10.6,16,3,16.7,1,18,20,3.9,43.4,0,3,775,9,0.43,41.04,12
1822,12.79666,24,11,16.2,2,12.7,25,3.6,23.2,27,3,649,10,2.78,163.01,13
1790,11.98,13,8,15.6,1,9.8,14,4,38.7,0,3,781,10,1.27,44.17,2
349,12.085,14,13,15.8,2,14.3,16,3.6,34.7,1,3,493,10,3.64,433.31,11
3144,11.99,16,3,16.2,4,12.5,29,3.9,43.9,0,3,656,11,1.51,18.81,6
894,11.48142,2,11,16,1,12,23,4,31.9,1,4,759,10,2.24,251.48,9
590,13.045,16,4,16.4,4,13.6,26,3.7,39.7,1,5,588,11,7.43,659.52,6
1956,15.39,16,6,16.2,1,13.4,17,3.5,40.3,0,3,1126,10,1.58,53.23,12
474,12.15,13,11,16,2,14.1,16,3.4,50.5,0,2,622,7,0.29,23.98,9
2216,12.10636,21,13,15.3,5,10,32,3.2,31.8,83,3,1229,9,11.91,871.57,4
2549,13.30857,14,14,15.2,2,9.2,18,4,48.2,7,3,1052,10,3.9,448.04,1
3540,10.21,13,14,15.4,1,13,24,4.1,41,0,3,432,9,0.46,36.37,5
2888,13.38333,8,2,15.2,1,9.6,24,4,42,1,2,574,8,0.34,96.3,13
952,14.49,23,2,16.2,6,13.4,20,3.7,46.7,3,4,749,10,2.43,175.56,10
455,13.245,19,5,14.9,0,8.5,20,4.2,23.7,25,2,615,7,1.29,135.12,13
2404,10.7625,7,13,15.4,1,9.2,22,3.6,30.6,1,3,440,8,2.82,380.04,15
3306,10.99333,21,13,16.1,3,10.1,12,3.6,22.9,1,2,546,7,3.35,240.47,15
3706,11.555,10,4,15,0,13.1,17,3.7,36.8,29,2,914,7,3.64,454.97,3
2121,15.60666,21,2,17.2,4,9.2,21,3.8,35.5,23,4,247,11,2.54,110.83,12
1577,15.875,5,13,16.4,4,13.7,18,3.9,48.1,0,3,554,11,1.88,84.3,10
15,9.34,16,8,16.1,2,12.9,18,3.6,32.8,6,3,771,9,4.68,437.88,14
3366,11.45,21,5,15.4,0,8,27,3.9,38.4,0,4,1042,9,4.3,57.93,8
62,12.31333,21,14,15.2,3,14.3,22,3.7,32,1,4,905,10,1.72,176.95,4
390,10.84,24,11,16.1,0,15.7,14,4,47.8,0,3,632,10,0.26,104.63,13
1668,11.338,7,7,15.4,1,8.3,16,3.4,40.1,33,3,1111,7,5.74,451.02,11
1059,11.95,11,14,15.1,3,12.2,28,3.8,26.7,0,2,875,7,2.33,77.12,7
381,10.98,2,3,15.7,0,12,17,3.7,13.5,0,2,657,6,0.42,24.98,9
1891,12,2,3,15.6,1,11.6,20,3.7,29.9,0,3,224,8,0.9,95.89,9
2125,11.125,22,13,15.6,5,13,23,3.7,36.8,2,2,713,8,1.51,175.46,2
3731,13.75,19,11,16,2,17.4,17,3.8,34,0,4,1431,10,0.42,45.54,9
1351,10.8209,23,13,16.1,1,16,19,3.6,30.4,7,3,753,9,9.72,882.16,7
2713,11.2375,23,14,15.5,1,11.5,26,3.8,32.3,106,3,1138,8,3.72,454.16,7
2079,12.43,24,5,15.8,4,19.7,27,3.5,39.9,0,3,563,9,1.3,86.29,9
2597,12.18888,19,2,16.7,4,9.6,27,4,32.3,1,3,1046,9,7.13,573.01,13
2012,9.95,10,14,16,2,14.5,22,3.7,24.5,4,3,976,9,10.75,741.52,3
2791,11.36,19,7,15,2,12.9,14,4.2,36.1,0,3,644,10,1.09,110.27,9
1052,13.188,12,5,15.6,2,9.9,20,3.4,45.7,64,4,979,10,6.54,610.49,1
2110,12.815,16,9,15.8,2,8.4,24,3.9,36,0,4,765,10,1.88,156.62,12
1172,12.4025,7,7,15.7,3,13.1,20,3.8,26.6,1,3,475,8,1.99,288.48,15
797,10.54,19,3,15.7,3,10.8,19,3.8,45.4,0,2,667,6,0.84,41.37,5
3199,10.92666,2,2,16.1,2,14.9,29,3.9,36.6,0,2,661,9,2.17,205.27,9
3697,15.41714,16,9,15.8,0,11.7,23,3.6,38.8,1,2,1413,7,1.81,664.27,12
1596,12.17,16,3,15.6,0,12.6,11,3.7,51.7,55,3,802,9,0.81,16.59,12
961,12.345,2,1,16,0,12.9,21,3.4,30.2,1,2,321,8,1.33,140.25,15
3356,12.82,17,11,16.2,2,14.2,11,4,36.2,0,2,965,7,1.29,68.77,9
334,11.73666,16,13,15.9,2,14.9,24,4.1,47.5,1,2,1065,9,0.64,104.32,10
3473,11.65,13,5,16,3,13.6,19,3.8,41.5,0,4,442,10,0.21,10.62,5
1292,12.1075,2,7,16.5,3,11.3,21,3.9,20.4,5,4,453,11,5.55,502.85,14
2141,10.97,16,13,15.9,3,12.6,25,3.8,37.5,3,3,436,9,0.77,58.07,10
3408,11.70666,12,4,15.3,3,14,24,4,35.5,0,3,626,7,2.54,217.21,9
3372,8.575,6,5,16.7,5,16.5,18,4,39,1,3,888,9,1.28,108.04,3
2762,14.145,16,5,16.1,1,14.1,17,4,32.5,1,4,702,10,1.83,142.9,12
610,10.46,13,7,16,1,15.7,25,3.4,38.3,33,3,363,10,0.98,213.3,8
3354,14.446,21,7,15.2,3,11.4,22,3.9,36.1,13,2,450,9,5.03,155.91,6
1265,13.15,13,11,15.8,1,9.3,18,3.8,40.6,0,3,747,10,0.24,20.57,5
2081,12.23,16,4,16.3,0,16.9,20,3.7,41.6,0,2,336,7,0.44,38.62,12
3068,10.292,12,14,16.1,1,14.6,23,3.9,33.9,1,3,747,9,2.94,376.96,1
2485,6.08,9,5,16.4,5,9.6,30,3.6,41.5,0,4,696,11,3.31,36.02,13
3509,14.71,24,13,14.6,3,10.3,28,3.6,36.8,0,3,789,7,1.77,37.32,9
3604,11.15666,7,14,15.1,2,10.6,18,3.8,33.1,2,2,930,7,7.79,628.75,4
2265,11.014,2,2,16.1,3,11.7,21,4,45.9,2,3,1247,10,2.36,352.42,9
2840,8.265714,16,5,15.2,2,10.9,23,3.7,22.9,2,3,824,8,3.57,252.24,9
2853,14.648,3,5,15.7,2,13.7,24,3.9,36.6,1,3,323,9,4.35,268.39,13
2156,11.47,2,13,15.4,1,10.6,23,4,43.7,0,3,1470,8,0.9,107.86,15
3534,11.69,21,13,15.8,5,13.8,22,3.6,34.1,42,3,501,9,5.55,460.54,8
1294,11.2,24,13,16.9,2,13.4,16,3.7,21.7,0,3,493,10,0.58,32.93,13
3588,12.5725,12,14,15,2,11.8,23,3.9,44.4,32,4,676,10,1.47,171.44,1
2257,13.44428,16,4,14.5,1,9.3,23,3.6,15.3,39,2,282,8,5.28,539.82,12
3055,12.829,16,9,15.8,1,11,13,3.8,32.7,21,2,1212,7,6.3,857.68,12
1362,12.825,19,5,15.5,1,10.5,15,3.7,27.6,0,2,368,7,1.17,111.79,13
1633,10.09,12,14,16.2,3,13.5,21,3.9,33.5,0,2,1290,7,0.25,33.07,5
1760,11.78,7,7,17.2,2,13.1,25,3.8,34.9,0,2,480,6,0.3,45.88,11
1608,11.6775,13,14,15.9,0,9.9,21,3.9,33.6,91,3,997,8,2.87,256.11,9
3580,11.85,13,1,16.6,1,11.7,24,3.8,53.5,0,2,912,7,0.19,40,5
568,13.286,12,5,15,0,10.7,18,4,20.3,1,2,793,7,4.99,574.68,6
1002,11.296,16,13,16.6,5,11.1,20,4,35.5,0,4,875,11,3.44,184.27,1
743,12.67,7,14,15.3,3,11.8,23,3.7,37.4,0,3,559,7,1.02,45.03,15
1735,11.77,11,4,14.6,5,10.4,19,3.9,31.1,1,0,823,6,0.84,67.15,4
2816,10.94333,5,13,14.8,1,8.4,21,4,41.2,18,3,644,6,2.74,218.81,15
2249,12.754,23,13,16,5,11.7,26,3.6,41.4,41,3,939,10,3.88,218.7,10
2964,11.28,14,3,15.2,0,16,19,3.9,23.9,0,3,1084,8,0.2,14.45,7
1378,13.09333,24,13,15.2,1,13.6,23,4,30.5,10,3,1156,8,2.65,216.29,13
3421,10.72,23,5,15.6,3,11.4,16,3.8,24,0,4,912,9,0.77,122.55,10
116,12.46,12,14,14.7,2,10.8,18,4.1,34.6,0,3,607,9,1.68,202.14,6
2043,11.405,13,14,16.6,3,13.5,17,3.8,35.6,1,5,515,11,1.85,142.62,5
2691,13.36,24,7,15.1,1,8.5,22,4,25.3,0,2,363,7,0.87,78.67,13
2927,10.76666,16,14,15,0,10.8,16,3.5,30.6,0,2,1202,8,0.49,103.52,3
3070,13.085,21,13,16.4,4,14,15,4,27.1,2,4,492,11,6.81,596.02,15
1257,10.3,19,13,16.3,4,13.4,23,3.6,33.8,0,3,378,11,0.94,28.62,13
3343,11.17428,16,4,15.8,1,11.2,24,4,25.2,2,2,414,8,4.25,557.13,14
1692,11.626,7,13,15.5,0,7,19,3.8,46.3,66,3,823,8,3.29,316.99,15
1463,6.5,21,6,16.2,1,12.6,21,3.7,17,1,3,689,10,0.83,73.61,8
1221,11.9676,16,7,14.8,0,10.6,11,3.8,25.7,9,3,1321,8,13.3,1882.72,6
3292,10.73,2,14,16.3,4,13.8,19,3.3,28.1,0,2,428,7,0.34,21.32,1
462,12.852,11,13,16.2,3,16.7,20,3.7,32.6,31,4,377,9,5.46,382.67,4
1957,12.52,7,11,15.9,0,14.8,23,4.1,40,1,3,516,8,0.65,126.41,4
3744,12.21,12,14,15.2,2,13.6,22,4.1,30.3,0,3,788,8,1.72,213.64,3
2283,13.23,16,5,16.7,2,15.1,19,3.9,34.9,0,3,401,9,1.27,86.47,12
2561,12.74,14,7,15.2,2,15.2,22,3.8,25.9,0,3,1239,10,0.43,39.88,1
1498,10.93666,12,10,15.9,1,16.6,18,3.8,32,1,4,982,10,2.99,362.24,14
2221,11.34,24,3,16.1,1,12.6,18,3.9,43.3,0,4,533,10,0.78,18.9,7
1107,11.116,14,13,16.7,5,10.4,25,3.8,32.9,0,4,1059,9,3.63,251.98,11
3406,10.08333,17,13,16.6,2,18.2,21,4,51.8,2,4,1269,10,5.51,484.12,9
407,10.26,16,4,18.1,4,16,22,4,38.1,0,2,629,6,0.98,8.51,12
2372,14.57,5,7,15.4,0,12.8,13,3.9,45.7,1,3,861,8,2.08,183.86,15
2033,12.67,16,4,15.9,4,12,20,4,54.3,0,3,336,9,5.32,57.14,12
731,12.0125,2,2,15.8,3,10.7,19,3.8,33.2,2,2,921,8,3.63,376.69,9
185,12.93,12,4,15.3,2,12.7,23,3.8,36,1,3,891,8,0.33,58.42,3
2943,12.17571,2,2,17.4,3,12.6,11,4,26.9,31,3,328,10,4.27,433.46,1
2813,12.97833,16,7,16.2,0,10.2,21,3.9,25,2,3,872,10,3.9,548.81,6
1204,11.55,5,1,17.7,3,15,27,3.7,42.6,0,4,523,11,1.27,79.09,15
2512,8.48,24,2,16.2,3,12.5,23,3.9,31.8,0,3,276,10,0.46,31.4,13
493,10.185,12,5,15.5,1,12.2,23,3.8,50.6,2,2,1122,7,4.61,625.84,14
675,8.753636,23,13,16.4,4,13.5,25,3.8,15.2,8,3,607,10,8.39,959.36,7
966,12.89545,7,7,15.8,1,11.8,24,4,27.3,72,3,701,9,7.73,843.78,11
2492,11.565,9,13,15.8,4,11.5,25,3.7,26.7,80,2,716,9,2.6,93.72,13
1191,12.8275,21,13,16.3,5,12.9,22,4,35.5,10,4,602,11,3.18,354.64,8
2097,9.97,12,14,16,4,14.6,18,3.8,35.7,0,4,434,10,0.44,49.8,14
2017,11.5,12,5,15.5,6,12.8,23,3.9,38.8,31,2,595,7,1.99,192.38,1
1495,12.03666,7,14,15,0,9,17,3.6,37.4,1,2,1119,8,2.46,280.12,4
1697,9.708333,17,13,16.2,4,12.3,18,3.6,35.6,14,4,1072,11,6.64,539.18,9
291,10.83,16,9,16.2,4,11.6,24,3.5,43.6,0,1,1025,7,0.78,36.31,10
653,12.86333,14,2,16.8,0,10.4,25,3.5,28.7,1,3,662,9,2.72,271.12,11
3589,11.815,13,13,16.1,3,12,20,4,26.2,1,4,522,11,3.35,292.59,5
2482,8.675,12,8,16.1,1,13.9,16,3.8,37.2,0,2,637,7,1.61,219.47,14
2789,11.335,2,13,15.7,2,8.7,28,3.4,34.7,1,2,729,7,1.54,156.98,9
2928,14.4,5,12,16.4,0,13.5,27,3.8,45.3,0,3,322,9,0.36,25.3,10
2984,13.51,24,9,16,0,10.8,23,3.9,28.7,22,3,1006,9,4.53,522.63,13
2722,12.4,20,11,16.1,2,12.1,19,3.4,46.4,1,3,281,10,1.11,153.09,15
2884,12.91,24,13,16,1,16.9,22,3.9,36.1,0,2,1038,8,4.22,83.06,13
56,9.585,16,8,15.8,2,9.7,23,3.9,37.4,0,3,870,7,1.51,170.22,10
3097,11.688,16,4,14.6,4,13.1,30,3.5,37.3,1,3,653,10,5.38,458.09,6
934,9.8975,16,5,16.5,2,15.1,27,3.9,41.4,30,3,635,9,3.04,224.01,10
3153,10.08,13,7,18.6,4,19.9,24,3.7,30.1,0,2,527,7,0.83,110.04,8
329,10.9,19,11,16.2,2,14.2,28,3.7,29.2,0,4,614,11,0.58,60.82,5
494,12.42111,16,3,16.2,4,14.3,28,2.8,28.1,149,3,866,8,6.99,575.42,10
1758,12.43,23,13,16.1,0,13,16,3.9,29.3,0,3,592,11,1.34,75.02,7
3371,12.36,21,11,15.3,2,14.4,19,3.8,32.8,1,2,786,7,0.5,65.31,6
2966,10.85,21,11,16.2,2,10.6,22,3.6,42.1,0,3,951,10,0.71,59.78,11
2152,10.83,7,11,18.7,2,17.9,22,4.1,25.8,0,2,645,6,0.39,58.28,15
1027,12.53,24,14,16.2,3,11.1,25,3.8,42.7,0,4,825,11,0.37,33.43,7
3251,13.61,7,5,16,3,10.2,17,4,28.7,0,3,939,11,1.15,82.92,11
2707,12.565,7,14,15.5,1,11.8,20,3.3,33.7,28,3,1095,8,3.36,342.35,4
161,13.385,1,2,15.1,0,11.4,20,3.5,30.5,1,3,1229,9,1.55,200.45,1
2432,9.9,24,14,16,4,10.7,17,3.9,35,0,2,792,6,0.63,62.16,13
2484,10.84,5,7,16.7,0,13.2,13,4.1,30,0,3,272,9,0.19,23.11,10
127,12.975,14,2,16.1,3,17.1,22,3.5,40,1,3,538,10,5.46,443.38,15
260,10.71,21,14,15.3,3,13.2,25,3.5,32.2,0,3,926,7,1.39,118.04,11
717,11.35142,2,5,15.5,5,10,23,3.8,28.7,2,2,532,6,6.78,717.54,9
60,11.71,5,13,15,3,12.3,23,3.5,27.7,0,3,577,8,1.49,95.21,15
1857,13.345,2,13,16.3,4,14.2,22,3.8,28.1,0,4,576,11,2.96,154.75,9
2496,10.3375,12,5,16.1,1,12.4,23,4.2,37.8,1,2,778,8,2.33,334.34,2
2536,12.85142,7,7,16.1,0,11.7,20,3.8,19.2,1,3,734,10,5.65,810.57,11
181,13.94,21,7,15.4,0,12.1,21,3.9,39.9,1,3,776,9,1.76,148.24,8
1534,11.255,12,11,16,1,14,21,3.7,52.7,0,3,306,10,1.11,134.45,1
1157,10.68,11,13,14.6,5,14,27,4.1,35,0,2,586,6,0.76,75.09,4
1642,11.92,23,13,15.7,4,13.2,26,3.6,39.8,0,3,372,10,1,55.81,7
1452,12.55,11,2,17,0,16.1,26,3.7,33.4,0,4,555,11,1.01,56.18,4
3384,12.19142,14,2,17.5,5,9.8,27,3.9,36.2,3,3,892,11,5.33,543.22,15
676,11.04,16,8,16.3,3,15.5,17,3.4,43.4,0,2,684,8,0.57,62.92,14
1993,11.32,7,5,15.5,3,10.3,20,3.8,42.6,10,3,327,7,6.15,277.73,15
3703,14.35,16,7,15.1,0,10.9,22,3.3,25.8,0,2,505,7,2.21,185.3,6
611,11.354,16,5,16.6,1,10,21,3.7,21.1,26,3,722,9,5.65,632.72,1
1699,11.25,2,11,15.3,1,10.9,15,4,40.2,0,3,699,7,0.39,38.83,9
148,12.00666,21,2,16.9,2,13,24,3.6,40.8,36,3,437,10,1.83,198.36,11
150,12.69714,7,7,14.4,1,7.7,21,3.8,44,2,3,1039,8,5.25,598.88,4
121,12.02666,2,14,15.4,3,14.9,22,3.2,34,9,3,740,9,2.27,308.4,9
169,11.91666,5,2,16.6,3,17.1,26,3.6,31.9,0,2,652,7,2.84,313.86,15
598,11.036,13,14,14.9,2,10.2,20,3.7,46,2,2,1623,8,2.42,285.08,5
1491,12.8175,12,5,15.5,3,10.2,19,3.4,21.9,76,3,725,9,2.52,233.06,1
108,11.14,21,7,14.8,1,14.8,25,3.5,38.5,1,2,912,7,2.37,302.97,11
2815,11.21625,23,13,16,6,12.1,30,3.6,36.5,113,2,776,8,6.69,462.33,7
2578,12.3425,2,13,16.4,3,11.9,17,3.6,30.9,0,3,1004,11,2.55,255.22,14
1580,13.23,16,4,15.1,1,12,25,3.7,41.9,0,2,487,7,2.29,143.48,1
1447,12.52,14,11,16.6,2,11.3,16,4.2,35.9,0,3,722,9,0.5,43.64,11
1115,11.71,15,14,16.2,3,11,22,3.8,40,0,3,391,10,0.43,17.28,7
2212,11.51666,4,14,15.4,2,12.1,19,3.7,28,1,3,894,8,0.22,114.18,13
51,10.51,17,2,15.4,5,15.4,15,3.7,51.1,0,2,531,6,0.5,33.35,9
2167,10.71333,19,13,15.8,4,13.2,30,3.6,42.2,0,3,595,10,3.46,289.45,13
2513,12.87,15,11,16,0,13.6,19,3.5,39.8,0,3,657,8,0.79,76.69,7
3542,12.8275,14,5,15.7,3,12.8,27,3.4,29.9,0,4,149,10,3.93,306.29,9
2099,12.54166,16,14,15.7,2,12,17,3.8,29.3,2,3,1349,7,4.96,482.12,1
1783,11.7225,11,13,16.6,3,12.6,26,3.7,37.9,2,4,762,10,7.85,703.85,4
2429,11.745,19,5,16.4,4,14.9,24,4.1,43.7,1,4,675,11,2.98,141.93,5
436,11.12,21,8,16.8,1,14.6,26,3.5,47.2,0,3,889,9,0.58,66.42,8
2137,12.31111,21,9,16.2,3,12.3,23,3.9,38.1,27,2,648,7,4.56,422.91,8
1941,12.62,11,4,16.6,4,11,23,4.1,23.7,0,4,903,11,2.32,231.65,4
533,11.45333,21,14,15.4,1,11.4,21,4,47.8,1,2,477,7,2.96,333.62,8
2639,10.04,21,3,15.4,5,8.3,28,3.7,49.4,0,2,506,6,0.66,48.92,8
1907,13.3575,16,4,15.1,3,10.6,25,3.1,33.3,98,3,429,8,4.93,437.34,12
1381,11.33,12,14,14.8,1,12.1,20,4,25.8,1,3,642,10,4.48,470.35,1
2752,12.71,5,13,15.4,3,9.9,27,3.4,31.4,1,3,734,9,5.08,581.3,4
1496,13.125,5,14,15,0,13.2,20,3.8,34.6,3,2,368,7,6.39,573.78,15
846,13.6,24,11,15.9,0,13.8,18,3.8,39.9,8,3,523,8,2.14,61.5,9
1095,15.16666,21,14,15.4,3,13.6,21,3.4,22.6,4,3,1161,9,0.69,173.77,6
1408,10.1875,16,14,15.3,0,12.7,23,3.8,38.6,1,3,723,9,2.25,334.95,2
2363,11.9,2,7,16.2,1,14.9,23,4.1,35.6,0,4,766,10,0.98,109.33,15
3587,13.56,17,14,15.1,2,13.1,25,3.8,45.1,0,2,1142,7,3.32,181.78,9
3649,11.19,24,11,17.7,3,12.5,27,4.1,40.7,1,4,501,11,0.48,172.42,7
570,11.32,22,2,17.7,2,16.2,23,2.9,26.8,139,3,370,9,4.82,457.99,2
1295,11.234,12,14,15.7,3,10.5,24,3.8,35.5,35,3,868,10,3,326.19,1
2880,13.67375,14,5,15.5,3,13.1,19,4.1,20.9,5,3,601,8,6.58,641.6,11
1926,14.12692,16,7,15,2,10.2,15,3.6,34.3,2,3,778,9,10.2,1063.6,6
1570,11,16,1,16,4,15,24,3.9,39.7,0,3,1170,8,0.89,78.3,1
1813,10.45,12,11,15.4,2,10.4,25,3.8,45.9,0,2,738,7,3.15,393.68,1
2833,9.895,2,3,16.2,2,13.1,22,3.6,41.2,91,3,802,8,0.37,72.54,9
1598,13.18333,24,14,15.9,2,13,15,3.8,17.4,4,3,676,9,3.82,113.04,13
3447,11.1,16,13,15.5,4,12.2,19,3.8,35.7,0,3,243,10,0.87,37.26,10
3403,12.08555,12,5,15.5,4,14.1,29,3.8,35.8,11,3,1197,7,7.94,685.57,1
1192,12.96,21,1,16.2,1,16.2,14,3.9,47.5,1,3,94,8,0.43,53.34,8
1858,14.09,2,14,14.8,0,6.8,22,4.1,29.9,0,3,577,8,0.42,44.08,9
1065,9.115555,16,8,15.4,2,9,25,3.3,38.5,59,3,545,9,4.18,557.43,14
633,6.6,18,6,16.2,5,12.3,28,3.8,35.4,0,4,564,10,1.82,22.01,13
281,13.44,21,13,15.8,3,16,14,3.7,27,1,3,725,10,2.68,263.44,8
3425,12.792,2,13,15.9,6,11.5,32,3.8,36.1,1,3,810,8,3.36,319.47,14
3550,12.2,2,14,14.9,3,7.9,19,4.1,34.6,1,3,790,8,1.34,143.98,14
724,8.92,18,3,16.1,6,12.5,21,3.4,30.6,12,3,563,10,3.44,49.19,13
2053,11.25,24,13,16.1,4,12.2,23,4,35.4,0,2,340,7,0.09,6.28,7
1354,11.86,7,14,15.7,3,9.8,21,3.7,33.3,0,3,678,7,1.53,208.95,4
492,11.305,24,13,15.3,3,13.6,21,3.8,27.3,101,3,878,8,2.06,258.2,7
2068,12.22,19,14,16.5,2,15.5,21,3.7,46.5,0,2,693,6,1.37,136.62,13
3255,12.98333,5,5,14.8,4,10,29,3.7,41.7,1,3,701,7,1.87,157.94,4
3431,10.86666,12,4,16.4,3,14,22,4,36.7,1,4,335,11,2.71,248.51,2
1103,11.31,12,4,14.9,1,9.7,19,3.9,35.8,0,3,287,7,1.21,125.34,3
1949,11.57,3,4,15.9,4,12,19,3.4,46.3,0,3,808,7,1.27,14.44,13
514,12.36428,9,13,15.3,2,8.5,24,3.8,35.2,4,4,531,10,4.06,428.36,12
1921,11.85,21,13,15.4,4,9.5,20,3.8,36,0,3,372,9,2.02,185.11,11
2876,12.73,12,5,16.1,4,10.2,22,3.9,42.9,0,4,1293,11,0.53,26.28,1
2117,10.39,24,13,16,4,10.9,24,3.9,41.3,0,4,900,11,0.84,52.93,13
3489,11.874,16,13,15.8,3,12.8,21,3.9,36.8,4,3,354,8,4.03,240.28,10
1253,12.1775,14,14,15.5,0,11.1,17,3.7,25.3,31,2,683,7,2.95,352.45,15
2016,13.73666,21,13,16.4,4,13,26,3.5,39.1,12,4,690,11,5.22,440.89,11
1320,12.65,19,11,16.2,2,15.9,20,3.6,44.9,0,3,1019,10,0.74,44.76,13
2189,11.535,24,14,15.8,3,11.3,23,3.9,28.2,0,2,579,7,2.04,248.41,9
2841,12.57,13,11,16.8,0,12.7,20,4,37.2,0,4,1021,10,0.16,31.59,9
132,12.5875,19,11,16,1,11.9,26,3.7,49.3,1,3,527,8,3.67,333.74,5
2090,13,5,3,16.2,0,13,19,3.8,24.1,1,3,1171,10,1.41,84.75,15
3536,13.45666,1,14,14.8,0,11.9,20,4.1,40.4,1,3,625,9,3.07,314.08,1
1659,9.4,16,7,16.2,1,11.1,28,3.7,51.4,1,3,673,9,3.47,337.93,10
2802,14.72,23,2,16.2,4,14.5,28,3.7,43.8,1,4,572,10,6.03,404.74,10
2181,12.415,16,8,15.2,0,9.7,18,3.5,38.6,1,3,524,9,1.33,317.75,14
1972,11.553,1,14,15.4,2,11.6,18,3.7,26.7,2,3,967,7,9.29,829.52,1
2342,12.93,19,7,15.4,0,10,16,3.8,21.4,28,3,1029,10,2.95,170.74,13
750,11.88,7,7,15.3,1,7.6,25,3.8,22.9,3,3,829,7,1.07,114.39,15
1421,9.776666,18,14,15.4,2,15.2,19,3.6,43.1,5,2,1106,8,5.8,304.28,13
2312,12.53,21,4,17.2,0,13.1,15,3.9,53.1,0,2,435,6,0.65,37,6
2225,13.7,12,5,15.4,3,11.6,17,3.6,29.1,0,2,218,7,1.25,109.43,1
2643,12.16,12,1,16.5,0,10.3,21,3.7,26.9,0,3,760,10,0.04,3.2,2
944,12.835,2,2,16.2,3,12.6,21,3.7,36.5,1,4,537,10,2.51,278.23,1
1839,11.18,14,7,14.7,2,9.4,20,3.6,31.4,0,3,218,9,0.27,27.48,1
1628,11.71333,10,5,17.4,1,15.8,23,3.9,27.7,1,2,628,6,2.34,193.61,5
1392,8.52,19,14,15.9,4,14.2,25,3.6,34,0,3,904,9,0.47,28.41,5
1838,10.53,21,13,16.4,6,9.9,21,4,37.2,0,4,877,11,0.49,31.91,15
3687,11.15,16,11,16,2,12.6,25,3.8,36.2,0,2,770,8,0.23,22.15,1
1163,12.27,11,14,15.8,1,12.9,20,3.4,29.8,0,4,687,10,1.21,177.62,4
1544,12.48428,16,5,15.5,0,10.3,20,3.8,42.2,2,4,876,8,3.24,281.22,10
2775,10.98,16,1,16.3,3,15.6,19,3.6,31.4,61,3,749,9,2.7,263.83,14
320,13.64,11,7,15.7,0,14.1,11,4,33.4,1,3,972,8,1.25,172.36,4
852,13.44625,13,2,16.2,1,12.6,24,3.6,29.5,2,3,558,10,4.75,377.95,5
115,10.73846,7,14,15.5,2,11.6,24,3.8,24.3,3,3,786,7,7.07,927.77,15
1474,11.37,9,5,16,3,12.7,27,3.8,37.6,0,4,566,11,0.86,20.99,12
2501,13.275,15,5,16.4,2,10.1,24,4.2,26.4,1,2,787,7,1.85,96.18,1
2444,11.22,22,11,16.8,3,12.9,26,3.6,38.9,0,3,591,9,0.16,35.33,2
3605,12.02,17,14,15.6,3,12.1,13,3.7,29.3,0,3,368,8,2,155.86,9
3567,13.314,16,13,16.3,2,14.3,21,3.7,40.5,6,4,706,11,10.6,209.37,12
882,11.39,13,13,16,2,14.2,19,3.9,47.4,1,4,850,10,0.77,88.06,2
2894,12.808,13,11,16.2,2,11.3,19,4,33.1,1,3,1130,9,5.05,507.99,5
2207,9.68,5,13,17,5,19.1,21,3.7,27.1,0,2,416,6,0.41,33.73,11
3327,11.874,11,2,15.3,3,10.2,16,3.7,41.9,1,3,940,7,5.12,398.97,4
2543,10.69,21,7,17,1,13.7,27,3.7,24.9,1,2,491,6,3.62,318.64,15
1784,13.81666,12,8,17,3,12.3,21,4,29,0,4,499,11,1.33,137.74,14
2018,10.94,21,7,16.2,2,13.9,23,3.8,34.2,0,4,858,10,0.47,35.16,11
3504,12.324,11,5,15.8,1,14.8,19,3.7,33.3,1,3,237,9,6.77,358.78,4
1818,11.3025,5,7,16.4,4,12.4,22,4,36.2,9,3,762,11,6.83,558.97,15
109,9.2,17,13,16.4,5,12.2,24,3.9,20.9,1,3,532,11,5.56,314.2,2
2567,11.28,21,13,15.1,2,9.9,19,4,43.9,0,3,813,8,0.73,65.81,11
1648,9.68,2,7,14.9,1,13.5,22,3.7,28.6,0,2,625,6,0.33,25.58,14
2587,13.695,1,11,16.2,2,13.5,20,3.8,46.3,0,3,665,10,2.5,237.63,1
753,11.75375,18,11,16,0,10.9,21,3.9,31.1,9,4,1414,9,4.63,423.85,13
3635,11.44,16,5,16,0,11.1,22,3.8,31.9,0,2,855,8,1.5,82.35,1
393,10.71333,12,1,16.2,2,15,26,3.6,43.1,5,3,1076,8,5.88,657.37,1
648,10.68,13,4,16.4,3,12.8,29,3.9,51.4,1,4,507,11,1.09,96.91,5
3158,10.49,16,1,15.8,6,13,19,3.5,56.7,0,1,635,7,1.03,68.25,3
45,10.87,16,5,14.6,4,9.8,23,4,46.9,0,2,650,6,1.04,81.26,14
2950,9.21,16,14,15.6,2,8.5,19,3.8,38.2,1,3,900,8,1,86.29,1
112,10.6975,12,13,15,0,9.3,21,3.7,25.6,82,2,631,8,3.78,380,3
1051,15.59333,21,4,14.8,3,11.7,23,3.7,41.2,1,3,151,9,4.36,216.35,6
940,11.61,16,12,16.1,1,11.1,25,3.6,32.8,0,2,326,7,0.69,78.82,12
222,13.74,16,7,14.8,3,12.5,17,3.9,47.9,0,2,505,7,1.26,38.85,12
2314,11.78,2,7,16.3,0,11.5,12,3.8,28.6,0,3,660,10,0.12,13.81,14
158,13.422,16,5,15.5,2,14.2,27,3.9,39.7,39,3,557,9,2.77,346.42,12
3515,13.46,16,7,16.4,1,15,21,3.4,32.5,0,4,532,11,0.77,45.64,1
2822,13.23,16,9,16.9,3,11.6,23,3.5,33.4,0,3,308,10,0.46,44.32,12
1937,13.57,11,13,15.3,0,11.3,17,4.2,23.9,28,2,493,7,5.22,526.57,4
950,13.44,21,5,15.4,1,12.2,16,4.1,23.3,1,2,545,8,0.98,176.88,8
2778,13.69181,12,4,15.8,3,14.2,17,4,34,2,4,1058,10,8.88,775.8,6
2434,11.76,24,14,15.8,3,12.3,24,3.8,31.7,0,2,1007,7,0.5,42.02,9
3274,15.29714,16,9,16,0,10.7,19,3.7,38.2,3,3,655,8,6.33,964.22,12
300,13.40833,16,7,16,2,13.5,17,4.1,28,1,3,326,8,3.23,403.33,6
2007,13.37333,15,11,16.1,1,11.1,17,4,35.4,4,4,391,10,1.83,210.94,1
1139,11.6075,19,13,15.8,1,10.1,31,3.9,43.1,2,4,1021,10,3.68,230.75,13
340,12.768,14,5,15.2,1,8.5,21,4.2,30.2,0,4,1156,10,4.13,495.08,11
2140,12.61,23,7,16,0,11.8,23,3.5,47.8,0,3,771,8,0.28,16.58,7
412,12.12,5,6,16.2,4,14,24,4.2,42.3,0,4,950,11,5.17,160.89,8
1676,10.12,16,11,16,1,15.9,26,4,39.6,0,4,602,9,1.52,141.97,8
99,13.91,16,4,15.9,1,11.4,23,3.9,29.1,0,3,288,8,1.57,149.23,12
2893,11.19,23,11,16,1,9.5,21,3.6,32.3,0,3,1147,8,1.79,139.87,7
1667,14.228,21,11,16.3,2,9.3,22,3.9,28.5,1,4,1037,9,3.07,383.97,6
2542,12.5,10,3,16.3,1,17.2,23,3.7,34.5,0,2,708,7,0.71,60.44,5
783,12.03,14,13,15.5,3,13.7,19,4,31.7,0,4,1068,10,1.49,144.33,15
3042,9.42,19,13,16.4,3,14.7,20,4,43.9,0,3,741,11,1.07,52.56,5
1190,11.07,12,8,15.4,3,9.7,28,3.4,34.5,0,2,543,6,0.24,50.18,14
1459,10.665,21,7,16,1,13.1,20,4,29.4,62,2,1019,7,2.01,223.25,8
1021,12.65,19,13,15.7,4,11.4,20,3.9,45.1,1,3,1022,7,3.59,246.84,13
1776,11.38,15,11,16.2,2,16.3,20,4,41.6,0,4,619,10,0.32,35.9,7
3422,12.83666,2,2,16.3,0,11.8,20,3.8,47.3,1,2,545,9,2.01,165.42,9
2948,13.77,19,5,15.6,3,11.2,13,3.1,31.7,1,2,422,7,2.18,173.43,13
3157,12.26,2,1,16.2,0,12.7,19,3.8,41,0,4,259,10,0.95,32.68,14
3733,12.66,12,8,15.8,0,11.6,19,3.9,41.4,0,3,637,10,2.18,141.33,1
1326,12.68333,14,14,14.7,0,10.8,19,3.8,39.5,1,3,469,8,0.48,271.04,7
1847,10.7,13,3,16.9,1,17.5,20,3.7,40.4,0,4,367,11,0.73,48.09,5
1232,12.73,13,13,16.4,3,12.3,21,3.6,28.2,13,4,600,11,1.66,125.44,5
1018,13.23375,5,5,15.7,2,10.3,18,3.2,49.6,5,3,313,8,3.86,436.5,4
3325,11.43666,23,13,16.7,6,13.9,28,3.8,36,0,4,1045,10,2.36,153.47,7
383,10.79,12,5,15.4,1,12.7,17,3.7,32.3,0,3,468,9,0.58,97.47,6
728,11.76,12,5,15.7,4,12.1,20,3.9,25.2,0,3,978,7,6.62,223.76,3
771,12.095,21,7,14.9,4,12.4,26,3.9,38.9,0,3,207,10,2.8,45.28,15
2906,12.92,12,11,16,0,10.1,12,3.5,36.8,36,2,874,7,0.96,166.64,6
1111,13.71,16,14,14.8,0,13.1,17,3.9,37.4,0,2,494,7,1.45,43.55,12
484,12.05,19,2,15.2,2,12.2,16,3.9,28.5,0,3,1027,9,2.13,171.83,13
503,11.5425,11,13,16.6,3,9.8,26,3.9,28.6,0,3,915,10,5.6,344.14,4
2353,11.295,19,14,16.2,1,13.3,19,3.8,35,0,4,745,10,2.19,207.42,5
2563,12.02,12,5,15.1,2,12.1,24,3.1,29.3,0,3,956,8,0.32,26.17,3
2800,14.555,9,9,14.5,1,14.7,18,3.9,39.8,0,2,1072,7,1.22,126.47,12
2160,9.81,12,14,15.5,1,10.8,14,3.8,35.8,0,2,1469,7,0.61,126.15,3
2360,12.88,16,5,15,0,10.7,17,3.6,35.7,1,2,562,8,0.92,82.49,14
1700,11.13,11,2,17,2,15.8,27,3.7,19.7,0,3,1066,11,1.78,89.13,4
58,10.94,21,4,14.6,5,12.5,26,4,44.2,0,2,478,6,0.65,23.86,8
1509,12.67,16,4,15.4,1,10.6,19,3.8,25.4,0,3,794,8,0.71,72.66,3
705,11.35857,17,11,16,1,14.8,18,3.8,33.3,31,2,718,7,5,391.13,9
2021,11.99333,9,11,16.8,1,12.2,17,3.9,26,0,4,945,10,2.18,213.17,12
342,13.33,5,5,16.7,0,15.1,20,4,47.8,0,3,641,9,0.2,26.08,10
1621,10.07333,18,13,15.8,6,10,24,3.6,27.9,16,4,363,10,2.11,50.66,13
3583,9.24,21,2,17.4,4,14.4,27,3.9,31,8,4,1314,11,3.69,158.66,8
2139,12.09,2,10,16.1,2,8.1,27,3.8,42.5,0,3,494,10,0.97,130.39,9
2170,13.70666,16,7,16.1,2,10.8,20,3.7,33,1,4,829,10,1.7,143.63,6
44,11.983,16,7,15.2,0,10.1,14,4.1,36.8,5,2,803,7,6.44,902.46,12
1803,10.59,7,7,14.8,1,8.4,14,3.9,33.4,0,3,569,8,0.34,44.5,15
3696,12.04,1,1,15.8,3,14.9,21,3.6,47.6,0,2,1006,7,0.43,42.97,1
3628,11.268,21,2,16.5,2,12.6,21,3.5,39.6,1,2,1019,7,3.25,338.36,4
1124,13.82,19,4,15.3,4,11.5,22,3.9,34.3,0,3,510,7,1.01,71.55,13
313,13.05,2,14,15.9,0,9,21,4.2,28.6,0,3,306,9,0.79,70.49,7
2694,12.26,24,7,14.3,1,10.1,19,3.7,44.2,0,2,609,8,1.62,160.49,13
2004,13.57,19,11,16.9,2,14.2,25,3.9,55.2,0,2,468,9,0.31,33.56,13
1256,11.88545,21,5,16.6,3,12.9,27,4.1,25.6,8,2,370,7,6.73,649.8,4
822,12.43,21,3,15.8,0,9.9,19,3.9,46.2,0,3,320,9,0.63,27.39,8
2529,13.23,21,2,16,0,11.7,21,3.8,39.9,0,4,1209,8,2.36,227.04,1
1384,10.67714,24,13,15.9,1,12.1,17,3.8,45.6,68,3,262,8,3.91,421.51,13
1035,11.9,21,3,16,3,8.4,28,3.8,40.3,0,4,858,10,0.8,49.88,11
2773,11.12,13,2,17.7,4,15.4,18,3.6,45,1,4,925,11,1.72,179.55,5
81,10.915,2,7,15.2,0,11,26,4.1,28.6,93,2,725,8,0.98,87.74,10
3553,12.495,12,7,16.3,2,12.8,24,3.9,30.4,1,3,977,9,1.42,129.26,1
3126,12.71,18,4,16.6,4,14.3,26,3.7,44.8,0,4,489,11,0.41,58.24,9
2194,12.59833,21,3,16.8,4,12.7,25,3.6,42.2,31,3,994,10,10.04,684.46,8
3205,10.49285,21,13,15.6,2,11.9,16,3.5,35.5,120,3,633,8,4.32,477.05,8
3561,11.24,20,3,15.4,3,13.7,29,4,30.7,1,1,576,6,0.5,71.06,13
2796,11.906,7,7,14.9,2,12.4,27,3.8,23.4,1,3,431,8,3.65,403.61,15
2376,12.415,21,7,15.3,2,9.2,23,3.4,46.7,26,3,1430,10,1.81,150.87,10
3249,13.42333,7,7,15.4,0,8.4,15,3.7,37.6,0,3,897,9,3.35,346.65,15
3078,11.17,6,13,15.2,4,12.7,25,4.1,35.1,0,3,721,10,1.06,117.07,15
1401,12.56,16,14,16.3,0,13.4,17,4,30.4,1,2,482,7,5,448.08,12
3364,11.84,24,1,14.9,0,9.6,21,3.6,44.3,0,3,560,8,0.13,1.45,9
435,15.33583,21,7,15.5,0,10.4,21,3.8,23.4,48,3,944,8,8.25,788.6,6
2298,10.105,16,9,15.7,2,13.3,16,3.8,23.2,32,2,763,7,1.37,199.29,14
3167,12.10166,13,2,16.4,2,14.9,20,3.5,24.1,2,3,495,9,7.4,735.94,9
1786,11.51,7,13,16.1,6,16.3,19,3.7,43.5,1,3,768,10,2.62,221.26,15
234,11.44333,13,14,15.7,1,15.4,23,3.3,61.2,56,3,499,8,2.31,205.52,5
296,11.81888,12,14,15.6,0,16.6,17,3.8,27.9,41,2,819,8,3.82,552.38,1
315,11.56,21,11,16.3,0,13.3,20,4,45.9,0,3,654,8,0.4,30.72,11
3560,12.08333,18,11,15.3,0,11.9,17,4.1,41,0,3,329,10,1.38,177.91,11
1547,11.378,7,5,16,3,13.4,22,3.6,40.8,0,2,534,7,1.67,235.44,15
3357,11.62833,18,2,16.3,4,7.9,24,3.8,36.6,22,3,491,10,5.73,531.54,9
1779,10.12,12,14,15.2,2,10.1,19,3.6,31.8,7,2,738,7,1.96,226.15,1
3576,12.5,24,4,16.6,3,14.7,24,3.8,41.6,0,4,327,11,0.4,81.26,13
3701,10.97,16,1,15.8,0,11.6,20,3.8,34.9,14,3,634,10,2.9,235.6,12
2615,15.055,16,7,15.5,2,10.3,26,3.5,36,0,3,401,10,1.86,102.93,6
182,11.405,2,5,15.2,3,13.9,24,4,30.3,0,2,421,7,0.93,150.91,15
2601,11.5925,21,5,15.6,4,13.9,19,3.9,52.5,2,2,657,7,2.81,318.72,11
61,14.22,16,7,14.6,1,11.3,18,3.8,34.8,0,2,1802,7,2.95,264.19,6
1372,12.12,12,5,16.2,1,14.3,20,3.8,35.4,0,2,908,7,0.37,46.56,1
2620,8.92,7,7,16.5,3,9.3,21,4.1,35.6,0,4,399,11,0.5,28.75,4
510,12.36,12,5,16.6,0,12,23,3.9,42.5,0,4,500,10,1.77,138.23,3
1089,14.66,23,2,17.5,4,14.8,22,3.8,38,1,4,339,11,3.96,234.97,10
649,12.56,13,13,15.7,3,14.1,19,3.4,31.1,55,3,418,10,1.57,212.41,2
1861,10.19,13,1,16,2,11.3,20,4,30.3,0,3,921,8,0.48,33.2,5
3308,9.54,21,1,16.2,1,16.8,17,3.7,37.9,0,4,1611,11,0.47,114.2,8
1386,10.87333,2,5,15,2,13.8,23,3.5,31.2,4,3,1198,8,4.25,568.43,14
2114,12.23166,7,13,16.3,1,15,23,3.6,29.1,2,3,536,11,4.11,426.21,8
1637,13.57,19,7,15,5,11.5,27,3.7,43.2,0,3,802,8,2.57,38.44,13
2847,12.93666,11,4,15.1,3,11.5,20,3.9,41.6,0,2,874,7,2.34,225.85,4
2293,14,16,4,15.8,0,10.2,18,3.7,34.7,0,2,764,7,1.01,68.71,12
2649,13.295,11,3,16.2,1,10.1,22,3.6,34.1,0,4,1140,11,1.46,120.96,4
3574,13.50333,19,5,15.4,2,10.6,23,3.9,32,2,2,560,7,5.62,547.69,13
3121,11.56333,5,13,16.4,6,13.9,24,3.8,49.2,2,4,796,11,4.54,290.88,4
2992,13.3,16,13,15.8,1,10.8,18,3.7,29.1,1,3,784,9,2.23,157.68,10
453,10.95142,12,14,15.1,2,11.3,14,3.1,33.9,23,4,1381,10,2.47,260.6,9
1983,10.66,16,11,16.3,0,17.3,18,3.5,38.7,0,3,389,8,0.37,44.58,8
1177,11.28,2,2,16.5,2,14.9,24,3.8,24.2,20,4,879,10,0.75,86.79,1
17,9.78,12,11,16.1,1,13,14,3.9,39.8,1,3,1077,9,2.34,230.8,1
1057,11.42,16,12,16,0,10.7,21,3.6,36.1,1,3,721,8,0.89,92.92,14
2344,9.83,21,14,15.8,3,9.5,15,3.5,48.2,0,3,602,10,0.66,40.06,11
3027,12.06,21,7,15.2,1,13.7,18,3.7,20,46,3,660,9,3.16,354.66,8
3438,11.628,13,13,15,4,11.6,19,3.6,33,0,4,282,10,5.33,441.74,8
2196,10.78333,23,11,16.5,1,10.1,24,3.7,27.2,2,3,593,7,9.42,803.78,11
1525,13.416,24,14,14.9,2,11,27,3.9,25.4,5,3,1133,8,4.1,350.49,9
2324,13.7,23,5,15.8,0,14.1,21,3.9,30.9,0,3,483,8,0.49,33.5,10
624,12.2,19,10,15.8,0,11.2,19,3.3,55,0,3,905,7,0.43,25.39,5
1713,12.88,14,14,15.3,0,15.7,27,3.6,38.3,74,3,569,8,0.87,64.22,15
3459,13.305,5,2,16.1,4,12.6,24,4.1,28.4,0,3,419,10,3.07,156.34,10
3524,13.46,2,4,16.3,2,10.9,20,4.1,39.8,0,3,1145,11,0.32,24.43,9
795,11.47,12,14,14.8,1,10.2,18,3.9,36.5,1,4,60,9,0.41,52.22,1
2913,13.42,14,8,15.6,3,9.5,22,3.5,28.1,1,3,554,10,0.57,54.88,9
1473,12.46,18,11,15.8,0,16.4,15,3.5,35.3,2,4,210,10,4.76,520.08,1
3608,10.09,7,3,17.7,5,12.9,24,3.6,33.2,1,4,631,11,0.78,75,11
3037,12.12,16,4,15,3,13.8,21,3.9,32.4,0,3,313,7,0.78,40.63,14
2744,11.51,24,14,16.8,1,12.4,24,3.9,37.2,3,3,753,6,1.98,222.07,13
1940,12.2475,19,2,15.5,4,13.5,15,3.4,47.1,30,3,1068,8,2.49,172.74,1
2389,12.69,19,5,15.1,1,14.1,15,3.8,43.7,43,3,775,7,4.38,418.83,13
472,12.31,14,5,15.8,0,10.7,28,3.8,37.2,0,3,299,9,0.87,112.07,9
2351,11.5375,21,13,15.4,4,11.2,21,3.4,31.2,33,2,305,8,4.05,292.64,8
2132,10.3525,19,14,15.7,2,12.8,25,4.1,28.8,0,2,492,7,3.44,339.15,5
2644,9.31,21,5,16.4,4,11.6,24,3.8,24.9,3,4,871,11,6.42,243.34,8
802,12.564,16,4,16.3,3,12.4,31,3.7,33.7,1,4,385,11,6.99,834.91,6
3132,11.25,16,4,15.2,1,13.5,16,3.5,34.9,33,2,563,7,2.57,269.21,14
3160,12.81,14,11,16.1,2,12.6,22,3.7,32.5,38,3,418,10,1.52,161.51,15
1871,13.375,3,7,15,0,12.6,25,3.4,36.7,10,3,926,10,6.89,784,3
1694,12.23,24,14,14.6,3,10.9,21,3.8,32.7,0,2,614,6,2.33,192.21,13
938,12.86571,21,14,16.4,0,11.3,21,3.6,52.4,2,3,826,9,6.02,715.81,4
909,9.12,11,13,17.2,1,10.6,17,3.3,45.6,0,2,564,6,0.69,46.33,4
3184,11.058,14,14,14.8,2,9.2,24,3.8,26.6,3,3,770,10,3.06,350.98,15
363,10.90285,21,7,16.6,2,10.3,20,3.7,29.7,1,2,869,6,6.36,697.67,4
3089,13.76,16,5,16,1,11.3,29,3.8,40.9,0,3,611,8,0.5,69.9,12
2397,13.21,5,3,16.9,1,11,17,3.8,24.6,1,3,530,9,1.29,111.69,15
2573,12.83,21,7,14.7,1,9.1,18,3.5,39.6,35,2,1062,8,3.15,351.19,11
1267,14.23333,16,8,16.6,1,12.2,21,4,35.7,1,2,1019,7,0.62,127.56,12
3575,10.398,16,14,15,1,10.9,15,3.9,39.2,25,2,1030,7,2.72,354.33,3
3230,10.5325,21,7,17.7,1,13.4,17,3.6,38.3,1,2,994,6,3.54,367.63,15
594,10.21,5,6,16.6,4,15.2,25,4.1,43.1,0,2,542,7,0.88,60.43,8
2810,10.42666,16,14,15.4,2,12.3,21,3.7,35.7,3,3,971,9,2.45,171.04,3
1988,13.76,16,7,15,1,10.4,19,3.7,39.4,0,3,1158,8,0.75,92.86,12
2373,12.91125,2,13,16.4,3,14.6,15,3.9,22.5,30,3,692,10,5.4,505.32,14
702,11.68,23,14,14.3,1,9.3,32,3.3,33.7,0,3,312,8,0.32,26.92,7
2158,11.75,16,3,15.6,2,13.1,23,4,32.5,0,2,875,7,0.45,66.58,12
3424,13.57,23,5,15.1,0,10.4,25,4.1,28.5,1,2,561,8,2.35,152.2,10
959,13.21,5,5,15.6,5,12.4,20,4.2,39.6,0,3,1168,10,2.47,277.37,15
282,10.25,12,1,16.6,3,15.6,22,3.8,29.6,0,2,693,7,0.66,107.86,1
2273,10.35,7,10,16,2,11.7,19,3.7,31,0,2,581,8,0.4,44.87,11
3565,12.3525,15,7,15.7,2,11.6,25,3.3,38.7,100,2,432,8,1.84,148.89,1
1489,11.59666,14,13,16.4,5,12.2,22,3.9,38.5,1,4,585,11,2.32,336.48,9
397,11.71,16,5,15.8,4,14.2,24,3.9,48.9,0,3,802,10,0.89,91.32,10
2354,9.386,24,7,15.1,1,8.5,18,4,35.1,15,4,711,10,4.43,381.51,13
935,13.26,12,5,16.3,0,9.4,16,3.5,27.9,0,3,367,9,0.42,55.95,9
3602,12.44,16,4,14.6,1,10,14,3.5,40,0,2,764,6,0.56,50,12
3446,11.585,24,5,15.4,0,8.4,24,4.1,36.4,0,3,666,7,1.93,137.19,13
3654,12.575,9,5,14.6,4,9.4,35,3.8,32.3,2,2,764,6,7.86,419.16,12
744,11.26,16,1,17,4,17.4,20,2.9,25.2,0,4,459,11,2.53,64.05,12
564,11.2075,14,13,15.2,5,12.9,34,4,45.1,30,2,809,7,2.3,281.07,15
1121,8.28,11,2,18.8,4,16.4,26,3.7,35.8,7,2,1151,6,4.96,225.7,4
3458,11.99,7,14,15.3,3,11.9,16,3.7,39.8,0,4,870,9,1.16,61.91,15
478,10.92,14,14,15.6,2,14.5,20,3.9,52.6,0,3,745,8,1.78,228.44,9
1597,11.98,11,3,16.3,1,15.3,17,4,39.4,0,2,917,7,0.48,36.51,4
1592,11.17,16,11,16,1,9.8,20,3.7,37,1,3,613,8,0.41,92.74,10
2290,11.45375,21,13,16,2,12.9,23,3.9,18.3,2,4,654,11,5.6,501.7,11
1231,13.48833,1,3,16.1,1,10.8,22,3.7,28.7,50,3,843,9,4.31,386.03,1
3389,11.36333,14,14,14.7,1,12.2,21,3.6,25,15,2,726,7,4.31,527.77,7
87,10.93733,12,14,16.3,1,11.2,22,3.9,22.5,68,3,710,8,8.62,1314.17,1
217,8.99375,12,14,15,3,11.3,23,3.7,37,24,2,548,7,4.71,628.97,2
1537,11.5425,13,5,15.6,1,9.7,22,3.8,34.8,36,3,703,8,1.48,359.67,5
860,11.99,16,4,14.6,4,10.5,20,3.8,36.7,0,2,945,6,0.68,51.8,1
1524,13.71666,16,14,15,0,8.8,16,3.6,44.5,0,2,907,7,2.29,215.64,6
2038,9.19,19,2,15.8,0,14.4,15,3.8,30.6,2,2,718,7,3.04,68.17,13
2446,11.41,21,11,16.3,2,17.3,25,4,45,0,4,1134,10,1.78,77.39,11
628,10.955,23,13,15.3,4,8.7,23,2.5,36.6,0,3,695,10,0.62,60,7
2399,12.885,21,13,17,2,14.9,23,4,45.4,0,4,1530,10,2.2,200.41,11
1272,9.535,21,6,16.1,4,9.9,12,3.7,40.4,0,2,484,7,1.01,93.86,11
1104,13.4675,16,4,15.4,0,11.5,18,3.9,32.8,1,4,935,9,3.65,432.74,2
1493,13.84,12,4,14.8,1,12.2,20,3.9,18.2,84,3,453,8,2.91,172.66,9
3159,11.89666,16,2,16.2,4,12.8,25,3.6,26.6,40,3,710,10,3.82,414.78,10
2508,11.75333,21,7,15.4,0,13.8,23,3.9,44.8,1,3,711,8,1.99,184.94,11
1518,11,23,1,15.8,3,12.8,14,3.7,32.6,0,2,413,7,0.71,46.42,10
688,9.8225,16,14,15,1,10.3,19,4.1,21,26,2,541,7,1.92,236.08,3
2811,11.11,7,1,18.8,2,17.4,23,3.7,36.6,0,2,774,6,0.82,47.78,11
3083,11.66,17,13,15.7,2,7.9,22,3.9,44.5,0,4,1025,10,0.42,41.11,9
2572,11.8,1,11,15.2,0,10.5,23,3.9,26.6,0,3,350,9,0.49,47.61,1
476,11.195,13,7,14.9,1,10.1,20,4.1,39,0,2,750,8,1.81,241.09,8
268,12.02,21,4,14.9,3,8.4,24,4.1,19.4,3,2,624,6,2.23,275.84,8
3098,11.58,16,1,17,4,15.7,27,3.8,26,0,4,914,11,0.71,66.63,12
306,11.5,7,13,15.5,5,17.4,26,4,34.3,0,3,602,10,2.42,117.26,15
3320,16.11,12,5,15,0,9.8,23,3.9,48.6,0,2,721,8,1.43,147.48,6
2056,12.164,12,5,16,3,10.8,21,3.7,30.7,2,2,932,7,3.8,414.07,9
1078,10.38,2,5,16.7,3,10.2,27,3.8,39.6,1,2,438,6,2.07,123.1,9
671,8.86,21,13,14.6,4,10.8,21,4,33.5,1,2,1108,6,4.54,178.35,8
837,12.634,14,2,16.2,2,14.2,29,3.9,44.3,1,4,949,10,4.59,549.49,15
2188,12.56,21,13,15,2,14.8,26,3.9,41.7,0,3,640,8,0.5,19.38,11
2569,10.52,7,14,15,1,10.5,21,3.7,36.9,0,2,842,7,1.42,117.32,4
3737,12.56833,7,5,16.3,1,6.8,19,4.2,26.7,1,3,900,7,6.21,764.04,4
3112,12.25,12,4,15,0,13.1,20,4,36.5,0,3,344,9,0.93,94.11,9
2409,10.418,19,2,17.1,1,14.2,19,2.9,31.1,15,4,406,11,5.55,318.23,5
2551,12.31,13,3,15.7,0,11.5,22,3.6,32,0,3,615,9,0.27,11.13,5
128,10.03166,7,1,16.4,2,12.1,29,3.7,44.2,1,4,531,11,10.86,388.31,8
1435,12.02875,12,4,15.7,2,9.4,29,3.4,37,79,3,618,9,4.52,380.82,6
102,10.72,1,1,17.1,0,13.9,20,3.9,33.9,30,2,671,7,0.72,63.53,14
1654,13.42304,11,7,15.1,0,8,13,4,30.8,12,3,829,7,0.77,1087.83,7
1347,9.05,10,14,15.6,2,10.4,21,4.1,48.2,5,3,817,7,1.95,269.64,3
2370,10.818,12,4,15.2,1,11.8,24,3.4,28.2,30,3,1344,9,4.27,363.47,2
1235,11.9675,21,5,15.7,0,11.5,19,3.7,33.3,17,2,567,8,0.91,235.66,8
2678,12.23,2,11,16.7,2,13.9,16,4.1,33.4,5,4,883,10,3.7,409.91,9
2973,11.16142,13,11,15.9,1,10.4,27,4.2,36.8,6,3,483,8,5.98,486.88,5
3100,13.54,4,11,15.9,2,11,27,3.9,45.7,0,3,740,8,0.14,323.81,13
2402,11.37,18,3,16.4,3,16.3,15,3.3,38.8,0,3,924,8,0.57,34.99,8
489,12.32,18,5,15,4,16.3,24,3.5,46.9,1,3,530,8,1.98,186.53,13
3569,12.24,12,3,17.6,3,16,22,3.9,39.4,1,3,427,11,0.97,106.85,1
3714,11.38,12,13,16.4,5,14.5,27,3.6,43.8,0,4,873,11,0.87,107.74,1
1954,11.0625,12,14,14.8,1,11.9,26,3.4,40.9,41,2,1236,9,1.43,182.18,6
815,11.695,24,8,18.1,4,16.1,28,4,37.8,0,2,655,6,1.25,144.56,13
574,12.32,2,3,15.6,1,16.5,25,3.7,19.8,0,2,671,8,0.37,49.82,9
13,12.566,3,5,15.7,5,15,28,3.1,33.9,124,3,689,9,3.15,285.84,13
644,8.58,16,4,16.6,4,15.9,24,4,32,0,4,626,11,2.34,127.24,12
3008,11.38,12,4,17.2,4,14.3,15,4,42,0,2,793,6,1.85,101.49,14
48,13.14,12,14,15.6,2,11,24,3.9,34.5,0,4,749,11,0.99,103.17,1
1174,11.67562,23,14,15.4,1,13.3,22,3.8,30.4,41,3,524,9,7.04,879.44,7
2944,15.345,12,5,15.1,0,11,23,3.8,34.3,2,3,824,8,2.43,197.47,6
2608,10.17,16,5,15.4,3,9.5,25,4.1,27.1,26,4,541,10,2.41,391.67,9
1781,14.47,13,5,15.2,3,9.5,18,3.7,40.1,0,4,782,10,1.46,84.6,14
1529,8.99,10,1,15.6,0,11.5,24,3.8,34.7,0,3,736,9,1.65,67.36,5
262,10.405,21,4,16,4,11.9,24,3.6,34.5,0,2,577,6,0.89,97.78,4
1590,13.695,16,5,15,2,10.2,19,3,31.9,1,2,794,7,2.4,151.39,1
3740,11.43,5,1,15.9,2,11.3,14,3.7,41.8,0,3,363,8,0.33,92.8,10
835,10.51272,11,3,16.2,4,13.6,19,3.9,26.3,23,2,1049,7,14.69,472.55,4
2280,11.74,13,11,16.4,0,12.8,23,3.6,46.4,0,3,584,9,1.06,77.73,7
1550,12.4125,21,13,15.3,0,9.2,21,3.1,41.8,99,3,288,9,3.63,273.24,8
27,10.22111,5,13,15.9,2,14.2,17,3.5,7.3,1,3,382,9,8.56,810.41,11
2637,12.7075,6,14,16,1,12.6,22,3.7,46,0,3,921,8,4.22,405.16,15
3651,11.05,7,11,16.5,1,13.1,23,3.8,34,0,2,1023,7,1.81,186.85,11
3365,14.15,12,5,15.8,0,13.8,22,4,35.7,0,3,304,9,2.57,153.18,3
1821,11.49,5,13,15.8,2,11.2,23,3.7,52.3,1,3,674,7,2.43,173.37,15
3082,9.165,16,5,15.4,1,9.4,22,3.3,26.9,4,2,875,6,6.11,831.32,14
69,11.355,2,14,16.3,1,11,22,3.5,38.7,22,3,758,10,1.4,173.12,15
1011,12.27214,13,2,15.9,0,15.1,27,3.5,28.9,80,3,585,9,12.32,1204.58,2
601,11.50666,7,14,15.8,2,13.7,17,3.9,35.5,0,2,814,7,2.29,122.9,15
1759,11.35,13,13,15.8,1,12,20,3.7,37.6,0,3,973,10,0.2,23.46,5
718,11.78,5,2,19.1,5,15.8,26,3.9,34.1,0,1,929,6,1.49,68.24,4
2107,12.40333,7,3,16.7,2,11.7,23,3.9,31.9,4,5,915,11,0.78,67.8,15
3382,11.69,22,3,16.5,2,14,14,3.2,37.8,0,3,975,9,0.43,41.43,2
1019,11.56,13,14,14.9,0,10.4,21,3.8,33.4,0,3,535,8,0.77,67.41,9
2020,10.03,21,13,16.1,4,16.2,23,3.9,41.6,0,2,567,7,1.13,33.64,11
543,12.235,11,14,15.2,2,8.8,13,3.9,23.4,1,3,735,8,1.09,133.28,4
1147,13.84,3,14,15.8,0,11.6,21,4.1,38.8,0,3,810,9,0.17,22.82,1
3173,8.435,16,14,15.8,2,11.9,21,3.7,26.6,30,3,767,9,3.8,440.59,14
3128,10.02,12,5,15.7,1,13.9,20,4.1,31.1,1,2,1112,6,2.79,359.09,14
1048,12.75333,23,6,16.6,4,13.7,18,3.6,36.9,6,4,625,10,6.16,550.24,7
1757,12.60125,16,4,17.6,1,11.6,25,3.5,28.3,2,2,568,6,4.29,534.45,6
1930,13.05,13,6,15.3,2,8.9,21,3.9,36.1,0,4,958,10,0.24,42.17,2
461,11.755,22,2,17.7,4,13.2,26,3.3,37.3,0,4,537,11,2.66,201.18,2
764,11.662,16,4,15.4,1,11.7,16,3.6,47.6,1,4,597,9,3.06,512.19,9
1470,12.64,11,5,15,3,8.6,29,3.9,50.1,3,2,426,7,3.09,258.14,4
1734,11.9,21,14,15.1,2,13.5,25,3.7,18.7,10,4,944,10,3.95,856.79,4
3287,11.105,2,5,16.2,0,12.5,22,3.4,33.2,0,2,793,7,0.15,63.54,1
122,14.21,15,3,16.8,0,14.1,19,3.8,25.4,0,3,510,9,0.31,24.3,1
498,11.95,2,2,16,4,15.7,15,3.4,33.1,0,4,341,10,0.84,65.39,1
1043,13.17,24,13,16.8,1,13.8,18,3.4,35.8,1,3,286,9,1.6,123.16,13
376,13.66666,16,6,16.5,1,13,23,3.9,32.1,3,4,759,10,4.92,488.87,12
466,12.21333,12,14,15.6,3,15.7,24,3.9,36.7,23,4,526,11,1.32,138.32,1
2005,12.965,16,7,15.9,0,11.4,20,3.6,41.6,0,2,347,7,1.44,171.54,6
2734,12.975,16,5,15.2,3,8.8,22,3.8,38.6,0,3,347,8,0.72,82.98,11
919,11.485,18,13,15.4,0,9.7,19,3,41.6,43,3,678,9,2.5,369.64,11
3241,8.95,16,7,14.3,1,10.9,15,3.8,22.8,1,3,441,9,1.94,243.78,8
1487,12.87,16,11,16.4,0,11.5,21,3.8,47.5,0,3,530,9,0.45,62.26,10
2013,13.41,16,14,15.1,3,16.6,29,3.6,46.3,0,3,538,8,0.56,68.88,12
1152,10.32181,2,5,16.8,2,15,22,3.4,31,6,2,863,6,6.03,647.78,14
1903,10.77,19,3,16.7,1,11.2,23,4.1,38.9,0,3,955,9,0.88,63.63,13
3269,11.015,12,4,17.6,3,15.6,30,3.8,32.4,0,2,1323,6,1.4,125.17,1
1565,12.09,7,5,15.8,5,13.4,24,4,33,1,2,800,6,2.25,212.72,11
1989,10.316,21,5,14.6,5,13,24,3.9,47.8,1,2,1026,6,4.07,374.55,8
1366,10.54714,21,5,16.7,4,13.5,26,3.8,42.2,3,2,565,6,5.54,436.08,8
577,12.92,9,11,15.2,1,12.1,25,3.6,34.8,0,2,641,8,0.22,37.34,12
854,14.96,16,4,16.2,6,17.8,23,3.8,36.2,91,4,364,9,5.43,281.68,6
525,10.93,24,5,15.5,4,12.3,29,4.1,33.9,0,2,856,7,0.32,26.8,13
1814,12.12,12,11,16.4,2,13.2,25,3.5,36.3,0,3,718,9,0.35,27.52,1
3427,10.62,23,7,16.4,1,18.6,26,4.1,29.4,6,4,729,11,4.65,565.66,7
2490,12.115,3,14,16.6,3,14.2,26,3.9,36,0,4,648,11,1.88,199.25,1
3335,13.14,23,7,15.8,0,12.3,25,4.1,39.7,0,3,663,10,0.93,47.03,7
41,13.22,2,14,16.5,0,16.3,22,4,46.5,0,4,769,11,0.95,53.11,9
2145,12.89,3,4,15.4,4,12.6,22,3.8,32.3,21,2,889,7,3.72,300.23,13
3695,11.6875,22,2,15.5,5,14.8,23,3.7,34.8,65,2,823,8,3.37,226.59,2
3722,10.38,16,5,15.7,2,10.1,29,3.7,40.7,16,3,545,8,4.73,515.59,3
125,10.44666,2,14,16,2,11.6,21,3.8,14,65,3,997,8,9.9,1173.84,7
2285,11.21666,16,7,15.5,1,12,21,3.9,38.9,1,3,635,8,2.32,210.55,1
339,10.11,14,2,15.7,5,12.6,28,3.8,39.9,0,2,560,6,1.58,156.73,15
3006,11.88,16,14,15.3,1,11.9,27,3.6,36.8,0,3,877,9,0.35,46.83,12
396,10.36666,13,14,15.4,1,10.5,21,3.2,30.4,85,3,460,9,6.17,645.2,5
2507,12.89,12,8,15.2,0,14.2,20,3.6,22.9,0,3,1031,9,2.02,114.9,5
144,10.59333,22,11,16,1,12.7,21,3.7,17.3,103,4,766,9,8.3,974.17,2
1835,13.89666,2,7,16.2,0,16.3,26,4.2,35.9,1,3,1371,9,4.79,526.59,14
1158,13.29,2,2,17.2,5,19.6,18,3.6,29.8,13,3,374,11,1.99,218.21,1
252,11.57,2,13,15.7,3,13.1,16,3.6,37.1,87,3,722,9,1.89,140.66,9
2504,13.71,19,11,16,2,9.5,20,3.8,45,0,4,610,10,0.31,31.45,9
2069,11.8,21,2,17.7,4,11.8,24,3.5,43.3,1,4,555,11,2.77,102.19,8
3559,13.443,2,2,16.8,0,14.6,25,3.9,39.3,4,4,656,10,5.79,560.7,14
2346,10.18,12,14,15.9,1,13.4,21,3.4,36.8,1,2,721,7,3.14,288.75,3
801,9.89,13,13,16.4,4,14.9,18,3.9,45,0,2,1073,6,3.06,268.37,9
1630,10.01,12,7,16.6,5,12.5,24,3.9,40.9,0,4,969,11,0.93,69.49,1
3265,12.58,19,14,15.5,0,11.2,17,3.8,47.4,0,4,538,10,1.15,77.38,5
133,9.953333,11,13,15,3,7.7,19,3.9,41.6,1,2,865,7,1.33,189.33,7
3223,12.62,23,13,15.4,4,13.3,21,3.4,17.5,1,3,921,8,7.06,472.68,10
1641,13.27,9,12,16.3,1,10.7,20,3.9,40.9,1,2,935,7,0.8,50.02,12
386,9.98,15,13,14.6,4,9.5,23,4,40.9,0,2,508,6,0.86,48.56,7
2556,11.34333,3,11,16,1,9.6,20,4,38.7,0,3,529,8,3.05,299.08,2
1802,10.84,23,13,15.4,1,11.7,11,3.4,33.8,29,3,734,10,5.88,513.3,13
290,9.882,12,4,16.1,5,14.9,30,3.6,24.2,1,2,295,6,5.21,640.85,9
770,10.38,16,5,16.2,2,12.1,19,4.1,39.6,0,3,1236,7,0.82,64.45,3
1660,12.47111,12,5,15.9,0,13.3,17,3.6,8.6,15,3,593,8,5.63,815.72,9
902,12.70333,16,7,14.8,2,12.7,22,4,39.9,1,3,1203,9,2.81,219.02,12
3053,9.47,2,3,16.4,2,10.9,24,3.9,40.7,0,1,953,6,0.26,48.52,9
3276,12.874,2,7,15.6,1,14.9,12,4,24.9,1,3,630,9,3,293.65,9
201,11.5,13,14,15.8,0,10.4,21,3.7,41.8,16,3,652,10,1.44,63.53,3
487,12.09,21,5,16.1,4,10,21,3.7,41,0,4,550,11,0.51,17.98,8
3288,10.89,19,13,16.7,2,8.7,15,4,32.2,0,3,518,9,1.47,121.26,5
3326,13.05,23,3,17.3,2,12.7,23,3.6,50.3,26,3,346,11,1.96,217.82,7
3041,11.14,2,8,16.1,0,11.9,16,3.8,46.7,0,1,369,7,1.12,27.9,9
1718,10.6,16,14,16,2,10,22,3.2,36.1,0,2,1033,7,0.55,78.68,5
1113,14.21,21,5,16.1,2,14.5,20,3.9,37.7,0,3,799,8,0.81,62.98,15
3261,10.36857,2,5,17.4,2,16.7,17,4,28.4,1,2,741,6,4.27,606.78,15
908,11.83285,12,4,14.6,3,13.3,28,3.8,18.8,4,2,775,6,6.83,624.03,9
1800,10.90333,16,4,15,4,12.4,24,3.6,30.2,2,2,381,7,1.59,156.4,14
190,15.76,9,9,16.3,1,13,23,3.7,40.2,0,2,503,8,1.72,51,12
2952,11.53,12,14,15,0,10.5,20,4.1,28.4,0,4,615,9,1.14,109.31,3
2362,11.615,7,7,15.5,2,11.6,22,3.6,52.6,0,3,639,7,2.03,98.87,15
457,14.36,23,2,16.2,3,16.4,23,3.9,41,0,4,1057,11,0.7,102,10
991,11.575,16,4,15.3,4,13.9,34,3.8,37.6,7,2,1550,7,5.19,614.06,6
2224,11.81166,16,5,16.9,2,12.3,28,3.2,40.1,2,2,628,6,4.69,413.54,12
3537,11.21,21,7,14.8,3,9.4,29,3.5,37.1,0,3,655,9,0.87,81.07,10
583,11.478,7,5,15.9,3,12.7,17,3.7,27.6,31,3,1032,7,2.73,464.68,15
3086,11.225,3,14,15.9,0,8.9,23,3.8,42,5,3,481,7,0.73,65.38,13
183,9.71375,19,13,16.1,4,13.2,30,3.5,32.3,13,4,405,11,6.5,527.18,13
647,11.004,11,7,15.7,2,13,24,3.8,31.2,21,4,584,10,3.76,336.4,7
2732,9.943333,21,13,15.6,1,12.9,20,3.7,36.7,1,3,782,10,1.25,193.07,11
3621,11.07,13,14,15.6,0,9.1,14,3.3,40.7,0,4,898,10,1.92,170.32,5
1620,12.055,7,2,15.9,1,12.2,21,3.6,52,0,3,753,8,0.55,81.14,11
1339,11.33,15,13,16.4,0,10.4,24,3.8,38.4,0,4,964,9,0.31,4.05,1
553,12.608,12,5,15.8,0,13.1,11,4,28.2,2,2,293,7,4.2,467.27,2
1780,9.293333,16,14,15.1,3,12.3,19,3.6,47.4,1,2,828,7,1.89,221.71,10
1864,11.83666,7,13,16.3,3,14.4,19,4,29.5,30,3,374,9,2.68,233.77,8
3704,12.195,2,14,14.6,3,8.3,24,3.8,33.9,0,4,640,10,0.51,67.22,1
1443,11.99,13,11,16.2,3,15,19,3.6,40.7,0,4,611,11,0.16,19.2,5
1142,14.46,9,5,14.6,3,11.2,25,3.7,47.6,0,2,1280,6,1.86,108.18,12
1787,11.49,23,13,15.6,0,14.4,23,3.5,22.1,42,3,340,7,7.85,676.69,7
2037,10.71,19,5,14.6,5,9.1,23,3.8,38.1,1,1,556,6,1.89,97.33,9
1031,12.96,14,2,15,3,10.7,18,3.7,37.9,0,3,37,9,0.62,70.9,15
3445,10.985,21,3,16.7,1,10.9,20,3.7,28.3,24,4,708,10,1.05,58.56,15
3129,9.625,9,11,16.7,0,15.3,23,3.9,37.9,17,3,1052,9,5.79,339.32,13
3072,11.86142,2,2,16.7,4,14.4,22,3.6,32.2,17,3,856,10,4.6,566.52,9
2531,12.39,14,7,14.7,4,14,24,3.9,47,0,3,845,7,2.55,134.16,11
3062,11.67,21,2,16,1,14.1,26,3.8,33.9,0,3,605,8,0.32,48.03,8
2988,13.57,16,11,16,0,11.4,16,3.5,30.3,0,4,825,10,1.67,136.63,10
1587,11.3023,16,14,15.6,2,12.4,22,3.9,25,33,2,442,7,7.13,822.5,3
3370,11.97,13,14,14.8,1,5.5,17,3.8,31.9,0,3,530,9,1.13,173.73,2
1651,10.58,19,5,15.7,2,9.3,21,3.7,35.4,0,4,549,10,0.54,70.88,5
3377,10.085,16,4,15.8,3,12,21,3.7,41.6,2,3,908,10,3.91,273.07,14
1680,13.78666,13,8,16.1,3,14.4,21,3.4,26.2,0,4,568,9,2.59,229.05,5
1099,14.38,19,5,15.7,0,11.1,11,3.7,45,0,3,740,10,1.54,64.69,5
1971,9.49,21,13,16,1,15.1,17,3.4,43.2,0,3,385,10,0.65,67.95,11
3420,12.47,14,13,15.4,4,9.1,30,3.4,35.9,0,3,973,7,0.35,23.59,9
3239,9.578571,16,7,15.2,1,12.4,17,3.8,29.4,1,2,508,7,4.99,515.27,10
2326,10.73,16,7,15.4,5,10.2,23,4,20.7,0,3,553,9,0.43,29.87,8
672,10.37,16,5,16,2,14.8,24,3.9,36.9,4,2,219,7,1.99,245.12,10
1431,11.40666,21,5,16,7,13,25,3.4,18.4,23,4,456,11,8.46,292.01,8
2136,12.33,13,14,15.4,0,9.9,18,3.8,48.4,0,3,628,9,1.63,174.66,5
3010,9.625,16,3,16.7,1,11.9,22,3.5,37.4,0,4,762,10,0.54,73.82,11
3469,13.03,13,5,16.7,3,10.7,16,3.8,26.9,0,3,906,9,0.22,23.49,5
392,10.81,8,14,15.3,0,12.6,22,3.8,50.2,0,3,638,7,0.86,116.85,8
151,13.38333,5,3,16.2,1,15.9,14,3.8,33.6,2,2,748,9,1.28,103.28,15
1037,11.08,21,4,14.9,5,11,20,4,39.1,0,4,817,9,1.19,67.32,10
3026,10.7,3,3,16.6,3,11.1,26,3.8,34.9,1,2,446,7,0.5,48.97,2
786,12.11,16,5,16.4,0,12.6,21,3.4,32.8,0,2,972,6,1.13,53.18,12
827,10.14,19,11,15.6,3,11.3,24,3.6,34.4,0,4,986,10,0.44,45.02,5
322,12.4,16,14,15.7,0,12.7,19,3.9,27.4,3,2,754,7,5.95,952.79,12
3671,8.684,1,11,18.1,2,17.5,23,3.6,37,0,2,838,6,4.48,383.09,1
780,12.8175,14,11,16.1,1,13,24,3.8,29.1,1,3,595,10,5.14,533.37,1
1418,13.97666,13,13,15.7,0,12.8,22,4,32.6,1,3,745,9,2.39,237.57,5
2616,9.8975,21,13,16,4,13.4,28,3.4,27.8,1,2,1033,7,4.63,274.89,8
2348,8.304444,23,13,15.8,1,12.1,16,3.6,32,29,4,284,10,5.32,600.38,7
2684,9.634,14,2,16.4,2,11.6,21,3.6,35.6,9,4,1324,10,11.41,894.01,7
3293,12.85,19,14,16.1,3,14.9,21,4,36.4,28,3,438,7,2.68,264.38,13
2071,11.45333,6,5,15.8,1,12.7,16,3.7,34.7,37,3,829,9,2.04,250.34,3
582,10.34333,12,7,16.3,2,13.8,16,3.7,38.9,1,4,502,11,3.03,243.62,2
776,13.05666,16,7,14.3,1,10.1,25,3.7,19.6,0,3,1164,8,2.36,287.67,6
2832,11.07833,24,7,16.2,3,11.7,25,4,25.3,3,5,606,11,2.7,240.35,7
1131,9.675,16,5,15.5,1,13.1,24,3.9,29.9,4,3,252,8,0.51,65.91,1
237,12.25,24,7,15,0,12.1,22,4,41.9,0,4,519,9,0.63,34.64,9
1890,12.125,12,12,16.1,0,13.8,25,3.7,33.3,31,3,616,8,0.73,52.21,1
3081,11.73333,10,4,16.6,1,14.1,20,3.9,38.3,13,4,785,11,1.67,127.13,5
1203,12.01875,16,14,16.5,0,8.6,20,3.9,19.5,1,3,775,9,8.26,735.41,6
1238,12.46833,23,13,16.5,4,12.9,19,3.6,36.8,1,4,1374,11,3.47,312.52,7
1175,11.692,14,14,14.5,1,14.5,16,3.2,44.2,1,3,580,8,4.11,493.71,9
308,10.89,12,8,18.7,4,15.1,20,3.5,40.6,0,1,1133,6,0.94,125.91,14
2308,11.84,16,5,15.3,5,14,21,3.1,25.2,81,3,442,9,5.51,664.76,8
3067,10.625,16,14,14.8,0,10.3,19,3.7,18,26,3,830,9,3.13,354.13,4
2302,12.85,2,8,16.2,3,12.4,27,3.7,33.9,0,3,585,10,0.51,36.26,14
1223,11.68,7,3,15.1,1,10.3,18,3.8,47.4,0,3,817,10,0.28,9.96,15
534,10.7,2,7,17.6,1,13.1,22,3.9,28.1,0,2,669,6,0.62,56.87,9
186,10.58857,16,4,14.6,4,12.4,25,4.2,35.4,1,3,414,10,4.17,359.58,6
311,12.42,16,4,15.8,4,8.5,26,3.5,36.4,104,3,667,9,1.62,108.03,1
2019,11.66,21,13,16,0,9.4,14,4,40.8,1,4,1067,8,0.65,162.59,11
2400,10.53333,2,5,15.5,3,8.3,25,3.7,46.9,1,3,478,9,1.09,101.79,14
389,11.88,16,13,16,4,10.8,22,3.8,32.3,3,4,469,10,4.78,559.14,1
2612,12.53,11,14,16,1,10.8,19,3.1,34.4,0,3,772,8,1.01,137.27,4
2548,10.23,13,13,15.5,3,17.4,19,3.7,25.3,28,3,234,7,3.76,510.06,8
2993,11.03,1,10,16.7,2,15.8,23,3.4,33.1,0,4,1219,10,2.41,71.09,13
1967,12.135,5,13,15.9,3,13.9,20,3.8,35.9,44,2,872,9,4.8,422.39,15
2861,10.41,13,14,15.6,3,13.1,21,4,33.5,2,2,434,7,1.44,112.16,2
3263,10.735,16,14,16.3,2,13.4,20,3.9,24,2,4,742,11,10.41,841.95,3
347,12.82,12,8,16.9,3,14.3,25,4,55.4,0,3,1119,9,0.24,44.04,1
394,14.33,9,4,15.3,2,13.7,29,3.8,52,0,3,515,7,1.12,31.1,12
3518,8.9225,16,14,14.9,2,10.5,28,3.9,29.8,12,3,763,8,5.53,729.81,1
589,12.32,12,11,16,2,14.6,22,4,42.9,0,3,511,8,1.14,93.62,5
1209,11.3175,17,13,15,3,12.1,22,3.8,47.8,1,3,658,8,4.95,271.92,9
2487,10.1275,13,6,16.2,3,13.8,26,4,48.3,1,3,1015,10,3.41,207.5,13
2161,12.59,15,13,15.8,2,13.4,27,3.7,40.7,0,4,1176,10,0.33,29.27,1
3351,12.55428,21,5,15.3,2,11.2,18,3.6,39.1,6,2,465,7,4.02,451.13,4
114,10.878,12,4,15.1,3,10.3,23,3.5,38.8,81,3,532,8,4.57,304.52,6
3546,11.24666,14,13,14.9,1,8.3,21,3.9,46.5,1,3,707,7,2.63,284.77,15
1216,12.342,7,5,16.1,3,12.2,14,3.6,38.4,132,2,628,9,7.22,754.9,4
2395,11.78,21,4,16.2,1,15.3,29,3.6,19.4,0,3,747,7,1.33,121.33,8
231,14.296,16,3,15.2,3,11.4,26,3.6,38.3,47,3,987,8,1.23,261.51,12
1774,10.935,13,3,16.2,1,15.5,20,3.5,39.4,2,2,487,7,0.47,43.73,5
2924,8.78,17,13,16,2,11.6,24,3.6,38.6,17,4,749,10,7.69,553.67,9
1792,10.24,2,13,16.3,5,9.6,24,3.9,34.8,0,4,765,11,0.32,48.17,14
957,10.38666,13,14,16,0,15.8,15,3.7,34.1,1,4,563,11,3.16,334.01,5
1584,12.862,13,14,15.3,0,11.2,17,3.7,26.9,1,3,499,8,3.52,416.97,5
3214,12.695,2,2,16.4,2,14.9,20,4,45.8,0,4,563,11,1.73,179.58,9
2424,11.822,12,5,16.4,4,10.7,18,3.8,35,1,2,1259,7,3.71,325.33,1
1661,11.84,13,12,16.2,3,11.9,22,3.8,42.4,0,4,807,10,0.89,95,2
3125,12.42,16,6,15.5,4,11,24,4,34.8,0,3,823,9,0.91,102.76,1
314,14.8,18,8,15.6,0,12.9,11,3.9,31.3,0,3,690,8,0.3,65.61,12
228,11.36,15,5,16.6,1,13.4,18,3.7,32.9,0,2,621,7,0.54,39.32,1
689,10.148,7,13,15.9,4,13.4,25,3.8,37.6,121,2,657,9,3.68,267.4,4
823,11.74,7,13,15.8,0,12.3,17,3.4,39,0,3,699,10,1.79,82.9,15
1866,12.26428,5,2,16.1,3,12.7,30,3.9,36.2,5,4,584,10,5.82,551.61,15
3301,12.03,24,13,15.1,0,14.4,26,3.6,30.9,0,3,174,8,0.29,44.46,13
3402,11.87,17,13,15.8,3,13.2,19,4,37.9,1,2,943,7,5.57,441.78,9
2524,11.32285,6,5,15.8,5,13.6,18,3.8,44.9,33,3,443,10,0.76,634.7,15
928,13.87,11,3,16,1,15.1,14,4.1,28.1,0,2,1350,8,0.37,41.04,4
280,13.36,7,7,16,0,14,17,3.6,42.5,0,4,1101,10,2,255.77,11
2380,13.43,17,11,15.9,0,10.5,20,4,30.8,0,3,726,8,3.4,106.01,9
